series,date,value
cpi_index,1969-01-01,0.011595
cpi_index,1969-02-01,0.011636
cpi_index,1969-03-01,0.011648
cpi_index,1969-04-01,0.01168
cpi_index,1969-05-01,0.01168
cpi_index,1969-06-01,0.011721
cpi_index,1969-07-01,0.011766
cpi_index,1969-08-01,0.011779
cpi_index,1969-09-01,0.011889
cpi_index,1969-10-01,0.012014
cpi_index,1969-11-01,0.012015
cpi_index,1969-12-01,0.012106
cpi_index,1970-01-01,0.012198
cpi_index,1970-02-01,0.012196
cpi_index,1970-03-01,0.012232
cpi_index,1970-04-01,0.012248
cpi_index,1970-05-01,0.012274
cpi_index,1970-06-01,0.012348
cpi_index,1970-07-01,0.012409
cpi_index,1970-08-01,0.012466
cpi_index,1970-09-01,0.012496
cpi_index,1970-10-01,0.0125
cpi_index,1970-11-01,0.012568
cpi_index,1970-12-01,0.012674
cpi_index,1971-01-01,0.012799
cpi_index,1971-02-01,0.012852
cpi_index,1971-03-01,0.012901
cpi_index,1971-04-01,0.012967
cpi_index,1971-05-01,0.012994
cpi_index,1971-06-01,0.013053
cpi_index,1971-07-01,0.013043
cpi_index,1971-08-01,0.013162
cpi_index,1971-09-01,0.013205
cpi_index,1971-10-01,0.013218
cpi_index,1971-11-01,0.01324
cpi_index,1971-12-01,0.013303
cpi_index,1972-01-01,0.013362
cpi_index,1972-02-01,0.013403
cpi_index,1972-03-01,0.013476
cpi_index,1972-04-01,0.013561
cpi_index,1972-05-01,0.013588
cpi_index,1972-06-01,0.013689
cpi_index,1972-07-01,0.01374
cpi_index,1972-08-01,0.013831
cpi_index,1972-09-01,0.013894
cpi_index,1972-10-01,0.013904
cpi_index,1972-11-01,0.013994
cpi_index,1972-12-01,0.014042
cpi_index,1973-01-01,0.014246
cpi_index,1973-02-01,0.014363
cpi_index,1973-03-01,0.01449
cpi_index,1973-04-01,0.014719
cpi_index,1973-05-01,0.014876
cpi_index,1973-06-01,0.014998
cpi_index,1973-07-01,0.015382
cpi_index,1973-08-01,0.015629
cpi_index,1973-09-01,0.016001
cpi_index,1973-10-01,0.016206
cpi_index,1973-11-01,0.016406
cpi_index,1973-12-01,0.017043
cpi_index,1974-01-01,0.017653
cpi_index,1974-02-01,0.018052
cpi_index,1974-03-01,0.018191
cpi_index,1974-04-01,0.018438
cpi_index,1974-05-01,0.018583
cpi_index,1974-06-01,0.018766
cpi_index,1974-07-01,0.019038
cpi_index,1974-08-01,0.019239
cpi_index,1974-09-01,0.019457
cpi_index,1974-10-01,0.019843
cpi_index,1974-11-01,0.020394
cpi_index,1974-12-01,0.020553
cpi_index,1975-01-01,0.020816
cpi_index,1975-02-01,0.020931
cpi_index,1975-03-01,0.021063
cpi_index,1975-04-01,0.021241
cpi_index,1975-05-01,0.021525
cpi_index,1975-06-01,0.021891
cpi_index,1975-07-01,0.022066
cpi_index,1975-08-01,0.022257
cpi_index,1975-09-01,0.022419
cpi_index,1975-10-01,0.022534
cpi_index,1975-11-01,0.022692
cpi_index,1975-12-01,0.022877
cpi_index,1976-01-01,0.023319
cpi_index,1976-02-01,0.023755
cpi_index,1976-03-01,0.023988
cpi_index,1976-04-01,0.024156
cpi_index,1976-05-01,0.024325
cpi_index,1976-06-01,0.024423
cpi_index,1976-07-01,0.024629
cpi_index,1976-08-01,0.024865
cpi_index,1976-09-01,0.025713
cpi_index,1976-10-01,0.027161
cpi_index,1976-11-01,0.028388
cpi_index,1976-12-01,0.0291
cpi_index,1977-01-01,0.030027
cpi_index,1977-02-01,0.03069
cpi_index,1977-03-01,0.031225
cpi_index,1977-04-01,0.031697
cpi_index,1977-05-01,0.031976
cpi_index,1977-06-01,0.032368
cpi_index,1977-07-01,0.032734
cpi_index,1977-08-01,0.033405
cpi_index,1977-09-01,0.033998
cpi_index,1977-10-01,0.034258
cpi_index,1977-11-01,0.034632
cpi_index,1977-12-01,0.035112
cpi_index,1978-01-01,0.035892
cpi_index,1978-02-01,0.036408
cpi_index,1978-03-01,0.036787
cpi_index,1978-04-01,0.037196
cpi_index,1978-05-01,0.03756
cpi_index,1978-06-01,0.038077
cpi_index,1978-07-01,0.038723
cpi_index,1978-08-01,0.039109
cpi_index,1978-09-01,0.039555
cpi_index,1978-10-01,0.040034
cpi_index,1978-11-01,0.040446
cpi_index,1978-12-01,0.040789
cpi_index,1979-01-01,0.042237
cpi_index,1979-02-01,0.042845
cpi_index,1979-03-01,0.043426
cpi_index,1979-04-01,0.043815
cpi_index,1979-05-01,0.044389
cpi_index,1979-06-01,0.044881
cpi_index,1979-07-01,0.045425
cpi_index,1979-08-01,0.046112
cpi_index,1979-09-01,0.046678
cpi_index,1979-10-01,0.047493
cpi_index,1979-11-01,0.048104
cpi_index,1979-12-01,0.048956
cpi_index,1980-01-01,0.051342
cpi_index,1980-02-01,0.052529
cpi_index,1980-03-01,0.05361
cpi_index,1980-04-01,0.054547
cpi_index,1980-05-01,0.055437
cpi_index,1980-06-01,0.056536
cpi_index,1980-07-01,0.058115
cpi_index,1980-08-01,0.059319
cpi_index,1980-09-01,0.059978
cpi_index,1980-10-01,0.060886
cpi_index,1980-11-01,0.061942
cpi_index,1980-12-01,0.063567
cpi_index,1981-01-01,0.065615
cpi_index,1981-02-01,0.067227
cpi_index,1981-03-01,0.068665
cpi_index,1981-04-01,0.070213
cpi_index,1981-05-01,0.071275
cpi_index,1981-06-01,0.072271
cpi_index,1981-07-01,0.073544
cpi_index,1981-08-01,0.07506
cpi_index,1981-09-01,0.076456
cpi_index,1981-10-01,0.078153
cpi_index,1981-11-01,0.079657
cpi_index,1981-12-01,0.081801
cpi_index,1982-01-01,0.085866
cpi_index,1982-02-01,0.08924
cpi_index,1982-03-01,0.092499
cpi_index,1982-04-01,0.097512
cpi_index,1982-05-01,0.102993
cpi_index,1982-06-01,0.107954
cpi_index,1982-07-01,0.113517
cpi_index,1982-08-01,0.126256
cpi_index,1982-09-01,0.132995
cpi_index,1982-10-01,0.13989
cpi_index,1982-11-01,0.146963
cpi_index,1982-12-01,0.162656
cpi_index,1983-01-01,0.180355
cpi_index,1983-02-01,0.190034
cpi_index,1983-03-01,0.199232
cpi_index,1983-04-01,0.211846
cpi_index,1983-05-01,0.221034
cpi_index,1983-06-01,0.229404
cpi_index,1983-07-01,0.240746
cpi_index,1983-08-01,0.250091
cpi_index,1983-09-01,0.257787
cpi_index,1983-10-01,0.266341
cpi_index,1983-11-01,0.281983
cpi_index,1983-12-01,0.294047
cpi_index,1984-01-01,0.312728
cpi_index,1984-02-01,0.329232
cpi_index,1984-03-01,0.343304
cpi_index,1984-04-01,0.358156
cpi_index,1984-05-01,0.370032
cpi_index,1984-06-01,0.383423
cpi_index,1984-07-01,0.395993
cpi_index,1984-08-01,0.407249
cpi_index,1984-09-01,0.41938
cpi_index,1984-10-01,0.434034
cpi_index,1984-11-01,0.448929
cpi_index,1984-12-01,0.467996
cpi_index,1985-01-01,0.502711
cpi_index,1985-02-01,0.523596
cpi_index,1985-03-01,0.543885
cpi_index,1985-04-01,0.560621
cpi_index,1985-05-01,0.573902
cpi_index,1985-06-01,0.588276
cpi_index,1985-07-01,0.608763
cpi_index,1985-08-01,0.635377
cpi_index,1985-09-01,0.660752
cpi_index,1985-10-01,0.685852
cpi_index,1985-11-01,0.717495
cpi_index,1985-12-01,0.76634
cpi_index,1986-01-01,0.834092
cpi_index,1986-02-01,0.871174
cpi_index,1986-03-01,0.911667
cpi_index,1986-04-01,0.959263
cpi_index,1986-05-01,1.01257
cpi_index,1986-06-01,1.077567
cpi_index,1986-07-01,1.131333
cpi_index,1986-08-01,1.221531
cpi_index,1986-09-01,1.294812
cpi_index,1986-10-01,1.368824
cpi_index,1986-11-01,1.461304
cpi_index,1986-12-01,1.576735
cpi_index,1987-01-01,1.704401
cpi_index,1987-02-01,1.827386
cpi_index,1987-03-01,1.948153
cpi_index,1987-04-01,2.118606
cpi_index,1987-05-01,2.278325
cpi_index,1987-06-01,2.443146
cpi_index,1987-07-01,2.641022
cpi_index,1987-08-01,2.856872
cpi_index,1987-09-01,3.045081
cpi_index,1987-10-01,3.298845
cpi_index,1987-11-01,3.560511
cpi_index,1987-12-01,4.086392
cpi_index,1988-01-01,4.718246
cpi_index,1988-02-01,5.111783
cpi_index,1988-03-01,5.373547
cpi_index,1988-04-01,5.538941
cpi_index,1988-05-01,5.646109
cpi_index,1988-06-01,5.761292
cpi_index,1988-07-01,5.857457
cpi_index,1988-08-01,5.911343
cpi_index,1988-09-01,5.945139
cpi_index,1988-10-01,5.990486
cpi_index,1988-11-01,6.070654
cpi_index,1988-12-01,6.197316
cpi_index,1989-01-01,6.349024
cpi_index,1989-02-01,6.435184
cpi_index,1989-03-01,6.504945
cpi_index,1989-04-01,6.602224
cpi_index,1989-05-01,6.693099
cpi_index,1989-06-01,6.774385
cpi_index,1989-07-01,6.842148
cpi_index,1989-08-01,6.907333
cpi_index,1989-09-01,6.973393
cpi_index,1989-10-01,7.076525
cpi_index,1989-11-01,7.175855
cpi_index,1989-12-01,7.41803
cpi_index,1990-01-01,7.776037
cpi_index,1990-02-01,7.95212
cpi_index,1990-03-01,8.09231
cpi_index,1990-04-01,8.215472
cpi_index,1990-05-01,8.358838
cpi_index,1990-06-01,8.542939
cpi_index,1990-07-01,8.698735
cpi_index,1990-08-01,8.84695
cpi_index,1990-09-01,8.973061
cpi_index,1990-10-01,9.10206
cpi_index,1990-11-01,9.343723
cpi_index,1990-12-01,9.638214
cpi_index,1991-01-01,9.88388
cpi_index,1991-02-01,10.056425
cpi_index,1991-03-01,10.19984
cpi_index,1991-04-01,10.306688
cpi_index,1991-05-01,10.407442
cpi_index,1991-06-01,10.516648
cpi_index,1991-07-01,10.609584
cpi_index,1991-08-01,10.683423
cpi_index,1991-09-01,10.78985
cpi_index,1991-10-01,10.915343
cpi_index,1991-11-01,11.186374
cpi_index,1991-12-01,11.44968
cpi_index,1992-01-01,11.657778
cpi_index,1992-02-01,11.7959
cpi_index,1992-03-01,11.915948
cpi_index,1992-04-01,12.022171
cpi_index,1992-05-01,12.101438
cpi_index,1992-06-01,12.183345
cpi_index,1992-07-01,12.260272
cpi_index,1992-08-01,12.335592
cpi_index,1992-09-01,12.442897
cpi_index,1992-10-01,12.532494
cpi_index,1992-11-01,12.63662
cpi_index,1992-12-01,12.816553
cpi_index,1993-01-01,12.97732
cpi_index,1993-02-01,13.083345
cpi_index,1993-03-01,13.159594
cpi_index,1993-04-01,13.23548
cpi_index,1993-05-01,13.311137
cpi_index,1993-06-01,13.385797
cpi_index,1993-07-01,13.450123
cpi_index,1993-08-01,13.522112
cpi_index,1993-09-01,13.622261
cpi_index,1993-10-01,13.677973
cpi_index,1993-11-01,13.738302
cpi_index,1993-12-01,13.843055
cpi_index,1994-01-01,13.950375
cpi_index,1994-02-01,14.022124
cpi_index,1994-03-01,14.094225
cpi_index,1994-04-01,14.163251
cpi_index,1994-05-01,14.231682
cpi_index,1994-06-01,14.302895
cpi_index,1994-07-01,14.366327
cpi_index,1994-08-01,14.433287
cpi_index,1994-09-01,14.535937
cpi_index,1994-10-01,14.612245
cpi_index,1994-11-01,14.690361
cpi_index,1994-12-01,14.819204
cpi_index,1995-01-01,15.376991
cpi_index,1995-02-01,16.028707
cpi_index,1995-03-01,16.973617
cpi_index,1995-04-01,18.326133
cpi_index,1995-05-01,19.09209
cpi_index,1995-06-01,19.698024
cpi_index,1995-07-01,20.099588
cpi_index,1995-08-01,20.432981
cpi_index,1995-09-01,20.855643
cpi_index,1995-10-01,21.284762
cpi_index,1995-11-01,21.809608
cpi_index,1995-12-01,22.520167
cpi_index,1996-01-01,23.329754
cpi_index,1996-02-01,23.874262
cpi_index,1996-03-01,24.399826
cpi_index,1996-04-01,25.09345
cpi_index,1996-05-01,25.550842
cpi_index,1996-06-01,25.966902
cpi_index,1996-07-01,26.336031
cpi_index,1996-08-01,26.686072
cpi_index,1996-09-01,27.112751
cpi_index,1996-10-01,27.451168
cpi_index,1996-11-01,27.867083
cpi_index,1996-12-01,28.759336
cpi_index,1997-01-01,29.498886
cpi_index,1997-02-01,29.994598
cpi_index,1997-03-01,30.367889
cpi_index,1997-04-01,30.695972
cpi_index,1997-05-01,30.976119
cpi_index,1997-06-01,31.250957
cpi_index,1997-07-01,31.523211
cpi_index,1997-08-01,31.803502
cpi_index,1997-09-01,32.199613
cpi_index,1997-10-01,32.456941
cpi_index,1997-11-01,32.820042
cpi_index,1997-12-01,33.279875
cpi_index,1998-01-01,34.003924
cpi_index,1998-02-01,34.599238
cpi_index,1998-03-01,35.004533
cpi_index,1998-04-01,35.332042
cpi_index,1998-05-01,35.613481
cpi_index,1998-06-01,36.03442
cpi_index,1998-07-01,36.381878
cpi_index,1998-08-01,36.731632
cpi_index,1998-09-01,37.327376
cpi_index,1998-10-01,37.862269
cpi_index,1998-11-01,38.532786
cpi_index,1998-12-01,39.472974
cpi_index,1999-01-01,40.46977
cpi_index,1999-02-01,41.013643
cpi_index,1999-03-01,41.394684
cpi_index,1999-04-01,41.774577
cpi_index,1999-05-01,42.025877
cpi_index,1999-06-01,42.302006
cpi_index,1999-07-01,42.58158
cpi_index,1999-08-01,42.821255
cpi_index,1999-09-01,43.235018
cpi_index,1999-10-01,43.508851
cpi_index,1999-11-01,43.895776
cpi_index,1999-12-01,44.335516
cpi_index,2000-01-01,44.93083
cpi_index,2000-02-01,45.32938
cpi_index,2000-03-01,45.580681
cpi_index,2000-04-01,45.840018
cpi_index,2000-05-01,46.011379
cpi_index,2000-06-01,46.28392
cpi_index,2000-07-01,46.464466
cpi_index,2000-08-01,46.719785
cpi_index,2000-09-01,47.061072
cpi_index,2000-10-01,47.385136
cpi_index,2000-11-01,47.790288
cpi_index,2000-12-01,48.307671
cpi_index,2001-01-01,48.575476
cpi_index,2001-02-01,48.543328
cpi_index,2001-03-01,48.850888
cpi_index,2001-04-01,49.097309
cpi_index,2001-05-01,49.20997
cpi_index,2001-06-01,49.326364
cpi_index,2001-07-01,49.198202
cpi_index,2001-08-01,49.489688
cpi_index,2001-09-01,49.950381
cpi_index,2001-10-01,50.176135
cpi_index,2001-11-01,50.365149
cpi_index,2001-12-01,50.434899
cpi_index,2002-01-01,50.900472
cpi_index,2002-02-01,50.86775
cpi_index,2002-03-01,51.127948
cpi_index,2002-04-01,51.407235
cpi_index,2002-05-01,51.511429
cpi_index,2002-06-01,51.762586
cpi_index,2002-07-01,51.911181
cpi_index,2002-08-01,52.10856
cpi_index,2002-09-01,52.421984
cpi_index,2002-10-01,52.653036
cpi_index,2002-11-01,53.078877
cpi_index,2002-12-01,53.30993
cpi_index,2003-01-01,53.525441
cpi_index,2003-02-01,53.674122
cpi_index,2003-03-01,54.01293
cpi_index,2003-04-01,54.105144
cpi_index,2003-05-01,53.93056
cpi_index,2003-06-01,53.975112
cpi_index,2003-07-01,54.053339
cpi_index,2003-08-01,54.21549
cpi_index,2003-09-01,54.538238
cpi_index,2003-10-01,54.738207
cpi_index,2003-11-01,55.192542
cpi_index,2003-12-01,55.429811
cpi_index,2004-01-01,55.774317
cpi_index,2004-02-01,56.107945
cpi_index,2004-03-01,56.298071
cpi_index,2004-04-01,56.383032
cpi_index,2004-05-01,56.241603
cpi_index,2004-06-01,56.331745
cpi_index,2004-07-01,56.47939
cpi_index,2004-08-01,56.828041
cpi_index,2004-09-01,57.297917
cpi_index,2004-10-01,57.694747
cpi_index,2004-11-01,58.186899
cpi_index,2004-12-01,58.307088
cpi_index,2005-01-01,58.30916
cpi_index,2005-02-01,58.503431
cpi_index,2005-03-01,58.767121
cpi_index,2005-04-01,58.976415
cpi_index,2005-05-01,58.828251
cpi_index,2005-06-01,58.771783
cpi_index,2005-07-01,59.0018
cpi_index,2005-08-01,59.072255
cpi_index,2005-09-01,59.309006
cpi_index,2005-10-01,59.45458
cpi_index,2005-11-01,59.882493
cpi_index,2005-12-01,60.250312
cpi_index,2006-01-01,60.603626
cpi_index,2006-02-01,60.696358
cpi_index,2006-03-01,60.772512
cpi_index,2006-04-01,60.861617
cpi_index,2006-05-01,60.590675
cpi_index,2006-06-01,60.642998
cpi_index,2006-07-01,60.809294
cpi_index,2006-08-01,61.119609
cpi_index,2006-09-01,61.736612
cpi_index,2006-10-01,62.006519
cpi_index,2006-11-01,62.331857
cpi_index,2006-12-01,62.692424
cpi_index,2007-01-01,63.016208
cpi_index,2007-02-01,63.192347
cpi_index,2007-03-01,63.329113
cpi_index,2007-04-01,63.291295
cpi_index,2007-05-01,62.982534
cpi_index,2007-06-01,63.05817
cpi_index,2007-07-01,63.326005
cpi_index,2007-08-01,63.583996
cpi_index,2007-09-01,64.077703
cpi_index,2007-10-01,64.327405
cpi_index,2007-11-01,64.781221
cpi_index,2007-12-01,65.049056
cpi_index,2008-01-01,65.350564
cpi_index,2008-02-01,65.544834
cpi_index,2008-03-01,66.019891
cpi_index,2008-04-01,66.170127
cpi_index,2008-05-01,66.098635
cpi_index,2008-06-01,66.372168
cpi_index,2008-07-01,66.742059
cpi_index,2008-08-01,67.127492
cpi_index,2008-09-01,67.584935
cpi_index,2008-10-01,68.045486
cpi_index,2008-11-01,68.818942
cpi_index,2008-12-01,69.295552
cpi_index,2009-01-01,69.456149
cpi_index,2009-02-01,69.609494
cpi_index,2009-03-01,70.00995
cpi_index,2009-04-01,70.25499
cpi_index,2009-05-01,70.050358
cpi_index,2009-06-01,70.179354
cpi_index,2009-07-01,70.370516
cpi_index,2009-08-01,70.538884
cpi_index,2009-09-01,70.892716
cpi_index,2009-10-01,71.107191
cpi_index,2009-11-01,71.476046
cpi_index,2009-12-01,71.771855
cpi_index,2010-01-01,72.552046
cpi_index,2010-02-01,72.971671
cpi_index,2010-03-01,73.489725
cpi_index,2010-04-01,73.255565
cpi_index,2010-05-01,72.793978
cpi_index,2010-06-01,72.771183
cpi_index,2010-07-01,72.92919
cpi_index,2010-08-01,73.13175
cpi_index,2010-09-01,73.51511
cpi_index,2010-10-01,73.968926
cpi_index,2010-11-01,74.561581
cpi_index,2010-12-01,74.930954
cpi_index,2011-01-01,75.295991
cpi_index,2011-02-01,75.57846
cpi_index,2011-03-01,75.723451
cpi_index,2011-04-01,75.717441
cpi_index,2011-05-01,75.159264
cpi_index,2011-06-01,75.155508
cpi_index,2011-07-01,75.516107
cpi_index,2011-08-01,75.635555
cpi_index,2011-09-01,75.821113
cpi_index,2011-10-01,76.332712
cpi_index,2011-11-01,77.158333
cpi_index,2011-12-01,77.792385
cpi_index,2012-01-01,78.343049
cpi_index,2012-02-01,78.502314
cpi_index,2012-03-01,78.547389
cpi_index,2012-04-01,78.30098
cpi_index,2012-05-01,78.053819
cpi_index,2012-06-01,78.413667
cpi_index,2012-07-01,78.853897
cpi_index,2012-08-01,79.09054
cpi_index,2012-09-01,79.439119
cpi_index,2012-10-01,79.841036
cpi_index,2012-11-01,80.383437
cpi_index,2012-12-01,80.568243
cpi_index,2013-01-01,80.892782
cpi_index,2013-02-01,81.290943
cpi_index,2013-03-01,81.887433
cpi_index,2013-04-01,81.941523
cpi_index,2013-05-01,81.66882
cpi_index,2013-06-01,81.619238
cpi_index,2013-07-01,81.592193
cpi_index,2013-08-01,81.824328
cpi_index,2013-09-01,82.13234
cpi_index,2013-10-01,82.522988
cpi_index,2013-11-01,83.292265
cpi_index,2013-12-01,83.770058
cpi_index,2014-01-01,84.519052
cpi_index,2014-02-01,84.733157
cpi_index,2014-03-01,84.965292
cpi_index,2014-04-01,84.806779
cpi_index,2014-05-01,84.535579
cpi_index,2014-06-01,84.682072
cpi_index,2014-07-01,84.914959
cpi_index,2014-08-01,85.219965
cpi_index,2014-09-01,85.59634
cpi_index,2014-10-01,86.069626
cpi_index,2014-11-01,86.763778
cpi_index,2014-12-01,87.188984
cpi_index,2015-01-01,87.110103
cpi_index,2015-02-01,87.275377
cpi_index,2015-03-01,87.630717
cpi_index,2015-04-01,87.40384
cpi_index,2015-05-01,86.967366
cpi_index,2015-06-01,87.113108
cpi_index,2015-07-01,87.24082
cpi_index,2015-08-01,87.424875
cpi_index,2015-09-01,87.752419
cpi_index,2015-10-01,88.203919
cpi_index,2015-11-01,88.685468
cpi_index,2015-12-01,89.046818
cpi_index,2016-01-01,89.386381
cpi_index,2016-02-01,89.777781
cpi_index,2016-03-01,89.910001
cpi_index,2016-04-01,89.625278
cpi_index,2016-05-01,89.225615
cpi_index,2016-06-01,89.324028
cpi_index,2016-07-01,89.556914
cpi_index,2016-08-01,89.809333
cpi_index,2016-09-01,90.357744
cpi_index,2016-10-01,90.906154
cpi_index,2016-11-01,91.616834
cpi_index,2016-12-01,92.039035
cpi_index,2017-01-01,93.603882
cpi_index,2017-02-01,94.14478
cpi_index,2017-03-01,94.722489
cpi_index,2017-04-01,94.838933
cpi_index,2017-05-01,94.725494
cpi_index,2017-06-01,94.96364
cpi_index,2017-07-01,95.322736
cpi_index,2017-08-01,95.793768
cpi_index,2017-09-01,96.093515
cpi_index,2017-10-01,96.698269
cpi_index,2017-11-01,97.695174
cpi_index,2017-12-01,98.272883
cpi_index,2018-01-01,98.794999699501
cpi_index,2018-02-01,99.17137448164
cpi_index,2018-03-01,99.492156980588
cpi_index,2018-04-01,99.154847046097
cpi_index,2018-05-01,98.994080173087
cpi_index,2018-06-01,99.376464931787
cpi_index,2018-07-01,99.909099104514
cpi_index,2018-08-01,100.492
cpi_index,2018-09-01,100.917
cpi_index,2018-10-01,101.44
cpi_index,2018-11-01,102.303
cpi_index,2018-12-01,103.02
cpi_index,2019-01-01,103.108
cpi_index,2019-02-01,103.079
cpi_index,2019-03-01,103.476
cpi_index,2019-04-01,103.531
cpi_index,2019-05-01,103.233
cpi_index,2019-06-01,103.299
cpi_index,2019-07-01,103.687
cpi_index,2019-08-01,103.67
cpi_index,2019-09-01,103.942
cpi_index,2019-10-01,104.503
cpi_index,2019-11-01,105.346
cpi_index,2019-12-01,105.934
cpi_index,2020-01-01,106.447
cpi_index,2020-02-01,106.889
cpi_index,2020-03-01,106.838
cpi_index,2020-04-01,105.755
cpi_index,2020-05-01,106.162
cpi_index,2020-06-01,106.743
cpi_index,2020-07-01,107.444
cpi_index,2020-08-01,107.867
cpi_index,2020-09-01,108.114
cpi_index,2020-10-01,108.774
cpi_index,2020-11-01,108.856
cpi_index,2020-12-01,109.271
cpi_index,2021-01-01,110.21
cpi_index,2021-02-01,110.907
cpi_index,2021-03-01,111.824
cpi_index,2021-04-01,112.19
cpi_index,2021-05-01,112.419
cpi_index,2021-06-01,113.018
cpi_index,2021-07-01,113.682
cpi_index,2021-08-01,113.899
cpi_index,2021-09-01,114.601
cpi_index,2021-10-01,115.561
cpi_index,2021-11-01,116.884
cpi_index,2021-12-01,117.308
cpi_index,2022-01-01,118.002
cpi_index,2022-02-01,118.981
cpi_index,2022-03-01,120.159
cpi_index,2022-04-01,120.809
cpi_index,2022-05-01,121.022
cpi_index,2022-06-01,122.044
cpi_index,2022-07-01,122.948
cpi_index,2022-08-01,123.803
cpi_index,2022-09-01,124.571
cpi_index,2022-10-01,125.276
cpi_index,2022-11-01,125.997
cpi_index,2022-12-01,126.478
cpi_index,2023-01-01,127.336
cpi_index,2023-02-01,128.046
cpi_index,2023-03-01,128.389
cpi_index,2023-04-01,128.363
cpi_index,2023-05-01,128.084
cpi_index,2023-06-01,128.214
cpi_index,2023-07-01,128.832
cpi_index,2023-08-01,129.545
cpi_index,2023-09-01,130.12
cpi_index,2023-10-01,130.609
cpi_index,2023-11-01,131.445
cpi_index,2023-12-01,132.373
cpi_index,2024-01-01,133.555
cpi_index,2024-02-01,133.681
cpi_index,2024-03-01,134.065
cpi_index,2024-04-01,134.336
cpi_index,2024-05-01,134.087
cpi_index,2024-06-01,134.594
cpi_index,2024-07-01,136.003
cpi_index,2024-08-01,136.013
cpi_index,2024-09-01,136.08
cpi_index,2024-10-01,136.828
cpi_index,2024-11-01,137.424
cpi_index,2024-12-01,137.949
cpi_index,2025-01-01,138.343
cpi_index,2025-02-01,138.726
cpi_index,2025-03-01,139.161
cpi_index,2025-04-01,139.62
cpi_index,2025-05-01,140.012
cpi_index,2025-06-01,140.405
cpi_index,2025-07-01,140.78
cpi_index,2025-08-01,140.867
cpi_index,2025-09-01,141.197
cpi_index,2025-10-01,141.708
cpi_index,2025-11-01,142.645
cpi_index,2025-12-01,143.042
cpi_index,2026-01-01,143.588
cpi_index,2026-02-01,144.307
cpi_index,2026-03-01,145.544
cpi_index,2026-04-01,145.831
cpi_index,2026-05-01,145.527
nominal_wage_manuf,2007-01-01,54.8037
nominal_wage_manuf,2007-02-01,54.8308
nominal_wage_manuf,2007-03-01,58.9917
nominal_wage_manuf,2007-04-01,58.7671
nominal_wage_manuf,2007-05-01,70.3524
nominal_wage_manuf,2007-06-01,59.3053
nominal_wage_manuf,2007-07-01,57.031
nominal_wage_manuf,2007-08-01,59.7999
nominal_wage_manuf,2007-09-01,58.0275
nominal_wage_manuf,2007-10-01,60.5632
nominal_wage_manuf,2007-11-01,59.6337
nominal_wage_manuf,2007-12-01,75.5153
nominal_wage_manuf,2008-01-01,58.2025
nominal_wage_manuf,2008-02-01,58.0487
nominal_wage_manuf,2008-03-01,60.0496
nominal_wage_manuf,2008-04-01,63.75
nominal_wage_manuf,2008-05-01,72.5806
nominal_wage_manuf,2008-06-01,62.8855
nominal_wage_manuf,2008-07-01,61.1059
nominal_wage_manuf,2008-08-01,60.5884
nominal_wage_manuf,2008-09-01,62.3494
nominal_wage_manuf,2008-10-01,64.8781
nominal_wage_manuf,2008-11-01,62.3897
nominal_wage_manuf,2008-12-01,80.8597
nominal_wage_manuf,2009-01-01,60.6814
nominal_wage_manuf,2009-02-01,60.3294
nominal_wage_manuf,2009-03-01,64.4469
nominal_wage_manuf,2009-04-01,65.9337
nominal_wage_manuf,2009-05-01,75.0335
nominal_wage_manuf,2009-06-01,64.8129
nominal_wage_manuf,2009-07-01,65.1298
nominal_wage_manuf,2009-08-01,62.8937
nominal_wage_manuf,2009-09-01,64.7646
nominal_wage_manuf,2009-10-01,65.1733
nominal_wage_manuf,2009-11-01,64.0857
nominal_wage_manuf,2009-12-01,84.2503
nominal_wage_manuf,2010-01-01,63.3862
nominal_wage_manuf,2010-02-01,62.5156
nominal_wage_manuf,2010-03-01,68.603
nominal_wage_manuf,2010-04-01,67.5077
nominal_wage_manuf,2010-05-01,75.4313
nominal_wage_manuf,2010-06-01,68.0774
nominal_wage_manuf,2010-07-01,65.8977
nominal_wage_manuf,2010-08-01,66.1537
nominal_wage_manuf,2010-09-01,66.5738
nominal_wage_manuf,2010-10-01,66.247
nominal_wage_manuf,2010-11-01,66.2573
nominal_wage_manuf,2010-12-01,86.3146
nominal_wage_manuf,2011-01-01,65.4831
nominal_wage_manuf,2011-02-01,64.7488
nominal_wage_manuf,2011-03-01,71.0658
nominal_wage_manuf,2011-04-01,68.4171
nominal_wage_manuf,2011-05-01,80.281
nominal_wage_manuf,2011-06-01,71.0575
nominal_wage_manuf,2011-07-01,67.8586
nominal_wage_manuf,2011-08-01,70.6062
nominal_wage_manuf,2011-09-01,70.0988
nominal_wage_manuf,2011-10-01,69.5821
nominal_wage_manuf,2011-11-01,70.9504
nominal_wage_manuf,2011-12-01,90.3865
nominal_wage_manuf,2012-01-01,70.0083
nominal_wage_manuf,2012-02-01,69.7591
nominal_wage_manuf,2012-03-01,73.7161
nominal_wage_manuf,2012-04-01,72.0792
nominal_wage_manuf,2012-05-01,87.4986
nominal_wage_manuf,2012-06-01,73.8252
nominal_wage_manuf,2012-07-01,72.7454
nominal_wage_manuf,2012-08-01,74.3836
nominal_wage_manuf,2012-09-01,71.5423
nominal_wage_manuf,2012-10-01,72.5413
nominal_wage_manuf,2012-11-01,74.397
nominal_wage_manuf,2012-12-01,91.5226
nominal_wage_manuf,2013-01-01,75.6752
nominal_wage_manuf,2013-02-01,71.6696
nominal_wage_manuf,2013-03-01,75.789
nominal_wage_manuf,2013-04-01,77.1466
nominal_wage_manuf,2013-05-01,90.0849
nominal_wage_manuf,2013-06-01,75.7036
nominal_wage_manuf,2013-07-01,77.2246
nominal_wage_manuf,2013-08-01,76.7914
nominal_wage_manuf,2013-09-01,74.0497
nominal_wage_manuf,2013-10-01,78.1056
nominal_wage_manuf,2013-11-01,76.5908
nominal_wage_manuf,2013-12-01,96.3294
nominal_wage_manuf,2014-01-01,78.2246
nominal_wage_manuf,2014-02-01,74.7044
nominal_wage_manuf,2014-03-01,77.536
nominal_wage_manuf,2014-04-01,79.5905
nominal_wage_manuf,2014-05-01,94.0059
nominal_wage_manuf,2014-06-01,79.8957
nominal_wage_manuf,2014-07-01,81.8092
nominal_wage_manuf,2014-08-01,78.7033
nominal_wage_manuf,2014-09-01,78.1972
nominal_wage_manuf,2014-10-01,81.8057
nominal_wage_manuf,2014-11-01,79.5234
nominal_wage_manuf,2014-12-01,100.174
nominal_wage_manuf,2015-01-01,78.8851
nominal_wage_manuf,2015-02-01,77.7292
nominal_wage_manuf,2015-03-01,81.8911
nominal_wage_manuf,2015-04-01,82.9867
nominal_wage_manuf,2015-05-01,97.3173
nominal_wage_manuf,2015-06-01,82.7975
nominal_wage_manuf,2015-07-01,84.485
nominal_wage_manuf,2015-08-01,81.1756
nominal_wage_manuf,2015-09-01,81.1297
nominal_wage_manuf,2015-10-01,84.45
nominal_wage_manuf,2015-11-01,83.0537
nominal_wage_manuf,2015-12-01,105.328
nominal_wage_manuf,2016-01-01,81.2139
nominal_wage_manuf,2016-02-01,81.7486
nominal_wage_manuf,2016-03-01,86.9802
nominal_wage_manuf,2016-04-01,86.8836
nominal_wage_manuf,2016-05-01,106.2514
nominal_wage_manuf,2016-06-01,88.9968
nominal_wage_manuf,2016-07-01,85.8348
nominal_wage_manuf,2016-08-01,86.7933
nominal_wage_manuf,2016-09-01,88.4047
nominal_wage_manuf,2016-10-01,87.2186
nominal_wage_manuf,2016-11-01,88.0832
nominal_wage_manuf,2016-12-01,110.5196
nominal_wage_manuf,2017-01-01,85.7927
nominal_wage_manuf,2017-02-01,85.7251
nominal_wage_manuf,2017-03-01,92.7695
nominal_wage_manuf,2017-04-01,90.5189
nominal_wage_manuf,2017-05-01,114.2178
nominal_wage_manuf,2017-06-01,94.1422
nominal_wage_manuf,2017-07-01,89.1744
nominal_wage_manuf,2017-08-01,92.3857
nominal_wage_manuf,2017-09-01,90.9497
nominal_wage_manuf,2017-10-01,92.2936
nominal_wage_manuf,2017-11-01,94.2194
nominal_wage_manuf,2017-12-01,114.5748
nominal_wage_manuf,2018-01-01,90.4521
nominal_wage_manuf,2018-02-01,91.1923
nominal_wage_manuf,2018-03-01,97.6393
nominal_wage_manuf,2018-04-01,94.9349
nominal_wage_manuf,2018-05-01,126.3747
nominal_wage_manuf,2018-06-01,97.724
nominal_wage_manuf,2018-07-01,93.8635
nominal_wage_manuf,2018-08-01,98.6205
nominal_wage_manuf,2018-09-01,93.6026
nominal_wage_manuf,2018-10-01,96.9205
nominal_wage_manuf,2018-11-01,97.8471
nominal_wage_manuf,2018-12-01,120.8286
nominal_wage_manuf,2019-01-01,97.6915
nominal_wage_manuf,2019-02-01,95.2995
nominal_wage_manuf,2019-03-01,100.3106
nominal_wage_manuf,2019-04-01,100.5704
nominal_wage_manuf,2019-05-01,132.3008
nominal_wage_manuf,2019-06-01,100.5511
nominal_wage_manuf,2019-07-01,99.2742
nominal_wage_manuf,2019-08-01,103.0835
nominal_wage_manuf,2019-09-01,99.2073
nominal_wage_manuf,2019-10-01,102.7653
nominal_wage_manuf,2019-11-01,101.2828
nominal_wage_manuf,2019-12-01,128.2611
nominal_wage_manuf,2020-01-01,101.5982
nominal_wage_manuf,2020-02-01,100.8475
nominal_wage_manuf,2020-03-01,103.4632
nominal_wage_manuf,2020-04-01,102.8363
nominal_wage_manuf,2020-05-01,125.996
nominal_wage_manuf,2020-06-01,102.9453
nominal_wage_manuf,2020-07-01,105.7645
nominal_wage_manuf,2020-08-01,104.6748
nominal_wage_manuf,2020-09-01,104.0519
nominal_wage_manuf,2020-10-01,109.4604
nominal_wage_manuf,2020-11-01,105.2003
nominal_wage_manuf,2020-12-01,137.0965
nominal_wage_manuf,2021-01-01,105.6295
nominal_wage_manuf,2021-02-01,105.4126
nominal_wage_manuf,2021-03-01,113.1988
nominal_wage_manuf,2021-04-01,111.4434
nominal_wage_manuf,2021-05-01,139.1401
nominal_wage_manuf,2021-06-01,110.6878
nominal_wage_manuf,2021-07-01,114.0592
nominal_wage_manuf,2021-08-01,112.3458
nominal_wage_manuf,2021-09-01,114.867
nominal_wage_manuf,2021-10-01,115.5987
nominal_wage_manuf,2021-11-01,115.057
nominal_wage_manuf,2021-12-01,154.6678
nominal_wage_manuf,2022-01-01,114.9806
nominal_wage_manuf,2022-02-01,117.8332
nominal_wage_manuf,2022-03-01,125.4711
nominal_wage_manuf,2022-04-01,126.1499
nominal_wage_manuf,2022-05-01,156.185
nominal_wage_manuf,2022-06-01,127.9263
nominal_wage_manuf,2022-07-01,124.337
nominal_wage_manuf,2022-08-01,124.7077
nominal_wage_manuf,2022-09-01,127.5934
nominal_wage_manuf,2022-10-01,125.3169
nominal_wage_manuf,2022-11-01,126.1638
nominal_wage_manuf,2022-12-01,167.5151
nominal_wage_manuf,2023-01-01,127.5046
nominal_wage_manuf,2023-02-01,128.5986
nominal_wage_manuf,2023-03-01,140.0832
nominal_wage_manuf,2023-04-01,136.7262
nominal_wage_manuf,2023-05-01,176.4125
nominal_wage_manuf,2023-06-01,141.8103
nominal_wage_manuf,2023-07-01,134.1421
nominal_wage_manuf,2023-08-01,138.8897
nominal_wage_manuf,2023-09-01,137.4298
nominal_wage_manuf,2023-10-01,137.816
nominal_wage_manuf,2023-11-01,140.1401
nominal_wage_manuf,2023-12-01,181.3957
nominal_wage_manuf,2024-01-01,140.2585
nominal_wage_manuf,2024-02-01,144.9239
nominal_wage_manuf,2024-03-01,149.8863
nominal_wage_manuf,2024-04-01,149.3854
nominal_wage_manuf,2024-05-01,195.6464
nominal_wage_manuf,2024-06-01,149.8065
nominal_wage_manuf,2024-07-01,146.6273
nominal_wage_manuf,2024-08-01,152.878
nominal_wage_manuf,2024-09-01,146.5746
nominal_wage_manuf,2024-10-01,154.6129
nominal_wage_manuf,2024-11-01,150.9005
nominal_wage_manuf,2024-12-01,196.0533
nominal_wage_manuf,2025-01-01,155.359
nominal_wage_manuf,2025-02-01,153.7137
nominal_wage_manuf,2025-03-01,159.6086
nominal_wage_manuf,2025-04-01,166.4012
nominal_wage_manuf,2025-05-01,210.1564
nominal_wage_manuf,2025-06-01,162.9958
nominal_wage_manuf,2025-07-01,163.1503
nominal_wage_manuf,2025-08-01,163.2511
nominal_wage_manuf,2025-09-01,158.1416
nominal_wage_manuf,2025-10-01,168.8897
nominal_wage_manuf,2025-11-01,159.9056
nominal_wage_manuf,2025-12-01,214.9897
nominal_wage_manuf,2026-01-01,164.5428
nominal_wage_manuf,2026-02-01,164.3593
nominal_wage_manuf,2026-03-01,170.7035
nominal_wage_manuf,2026-04-01,179.6212
nominal_wage_retail,2008-01-01,55.4631
nominal_wage_retail,2008-02-01,54.9351
nominal_wage_retail,2008-03-01,56.6896
nominal_wage_retail,2008-04-01,56.1591
nominal_wage_retail,2008-05-01,65.8012
nominal_wage_retail,2008-06-01,56.2437
nominal_wage_retail,2008-07-01,56.5179
nominal_wage_retail,2008-08-01,56.7126
nominal_wage_retail,2008-09-01,55.9391
nominal_wage_retail,2008-10-01,57.4883
nominal_wage_retail,2008-11-01,56.5484
nominal_wage_retail,2008-12-01,72.9136
nominal_wage_retail,2009-01-01,58.8346
nominal_wage_retail,2009-02-01,56.4661
nominal_wage_retail,2009-03-01,58.3841
nominal_wage_retail,2009-04-01,59.2908
nominal_wage_retail,2009-05-01,66.3272
nominal_wage_retail,2009-06-01,58.0453
nominal_wage_retail,2009-07-01,59.8336
nominal_wage_retail,2009-08-01,58.286
nominal_wage_retail,2009-09-01,58.2567
nominal_wage_retail,2009-10-01,59.3231
nominal_wage_retail,2009-11-01,59.3591
nominal_wage_retail,2009-12-01,77.3328
nominal_wage_retail,2010-01-01,60.9435
nominal_wage_retail,2010-02-01,59.9552
nominal_wage_retail,2010-03-01,63.6369
nominal_wage_retail,2010-04-01,62.3631
nominal_wage_retail,2010-05-01,69.9117
nominal_wage_retail,2010-06-01,61.8927
nominal_wage_retail,2010-07-01,63.294
nominal_wage_retail,2010-08-01,62.8858
nominal_wage_retail,2010-09-01,62.2898
nominal_wage_retail,2010-10-01,62.5008
nominal_wage_retail,2010-11-01,62.5744
nominal_wage_retail,2010-12-01,82.1902
nominal_wage_retail,2011-01-01,64.2018
nominal_wage_retail,2011-02-01,62.5582
nominal_wage_retail,2011-03-01,66.4351
nominal_wage_retail,2011-04-01,65.3098
nominal_wage_retail,2011-05-01,74.3669
nominal_wage_retail,2011-06-01,66.5685
nominal_wage_retail,2011-07-01,66.9221
nominal_wage_retail,2011-08-01,65.2575
nominal_wage_retail,2011-09-01,66.6127
nominal_wage_retail,2011-10-01,65.1203
nominal_wage_retail,2011-11-01,66.4842
nominal_wage_retail,2011-12-01,86.2272
nominal_wage_retail,2012-01-01,67.7695
nominal_wage_retail,2012-02-01,67.4438
nominal_wage_retail,2012-03-01,71.2076
nominal_wage_retail,2012-04-01,68.8344
nominal_wage_retail,2012-05-01,78.8157
nominal_wage_retail,2012-06-01,69.7573
nominal_wage_retail,2012-07-01,69.7089
nominal_wage_retail,2012-08-01,69.9764
nominal_wage_retail,2012-09-01,69.6419
nominal_wage_retail,2012-10-01,69.79
nominal_wage_retail,2012-11-01,71.487
nominal_wage_retail,2012-12-01,92.5105
nominal_wage_retail,2013-01-01,73.2496
nominal_wage_retail,2013-02-01,69.7705
nominal_wage_retail,2013-03-01,71.8216
nominal_wage_retail,2013-04-01,71.7091
nominal_wage_retail,2013-05-01,78.8985
nominal_wage_retail,2013-06-01,72.08
nominal_wage_retail,2013-07-01,72.4206
nominal_wage_retail,2013-08-01,72.8785
nominal_wage_retail,2013-09-01,72.3408
nominal_wage_retail,2013-10-01,72.4794
nominal_wage_retail,2013-11-01,74.1708
nominal_wage_retail,2013-12-01,92.6046
nominal_wage_retail,2014-01-01,74.8792
nominal_wage_retail,2014-02-01,73.1417
nominal_wage_retail,2014-03-01,75.683
nominal_wage_retail,2014-04-01,74.356
nominal_wage_retail,2014-05-01,83.2525
nominal_wage_retail,2014-06-01,75.7059
nominal_wage_retail,2014-07-01,76.4779
nominal_wage_retail,2014-08-01,76.2633
nominal_wage_retail,2014-09-01,75.7343
nominal_wage_retail,2014-10-01,77.3473
nominal_wage_retail,2014-11-01,76.981
nominal_wage_retail,2014-12-01,97.0238
nominal_wage_retail,2015-01-01,78.7539
nominal_wage_retail,2015-02-01,77.0331
nominal_wage_retail,2015-03-01,79.8062
nominal_wage_retail,2015-04-01,79.1556
nominal_wage_retail,2015-05-01,88.1847
nominal_wage_retail,2015-06-01,80.2375
nominal_wage_retail,2015-07-01,82.0053
nominal_wage_retail,2015-08-01,80.436
nominal_wage_retail,2015-09-01,79.7513
nominal_wage_retail,2015-10-01,81.4087
nominal_wage_retail,2015-11-01,81.4651
nominal_wage_retail,2015-12-01,101.1686
nominal_wage_retail,2016-01-01,82.3886
nominal_wage_retail,2016-02-01,81.9471
nominal_wage_retail,2016-03-01,86.3163
nominal_wage_retail,2016-04-01,83.1589
nominal_wage_retail,2016-05-01,92.9732
nominal_wage_retail,2016-06-01,85.275
nominal_wage_retail,2016-07-01,86.8626
nominal_wage_retail,2016-08-01,85.6505
nominal_wage_retail,2016-09-01,86.2744
nominal_wage_retail,2016-10-01,85.2825
nominal_wage_retail,2016-11-01,86.3653
nominal_wage_retail,2016-12-01,110.5092
nominal_wage_retail,2017-01-01,87.5834
nominal_wage_retail,2017-02-01,86.522
nominal_wage_retail,2017-03-01,93.8358
nominal_wage_retail,2017-04-01,89.3709
nominal_wage_retail,2017-05-01,99.1287
nominal_wage_retail,2017-06-01,91.8296
nominal_wage_retail,2017-07-01,90.5512
nominal_wage_retail,2017-08-01,90.9034
nominal_wage_retail,2017-09-01,90.189
nominal_wage_retail,2017-10-01,90.0721
nominal_wage_retail,2017-11-01,93.2528
nominal_wage_retail,2017-12-01,116.8386
nominal_wage_retail,2018-01-01,92.495
nominal_wage_retail,2018-02-01,92.5386
nominal_wage_retail,2018-03-01,99.6542
nominal_wage_retail,2018-04-01,96.5525
nominal_wage_retail,2018-05-01,106.9487
nominal_wage_retail,2018-06-01,97.4568
nominal_wage_retail,2018-07-01,96.9963
nominal_wage_retail,2018-08-01,98.6134
nominal_wage_retail,2018-09-01,95.7254
nominal_wage_retail,2018-10-01,97.0419
nominal_wage_retail,2018-11-01,101.6107
nominal_wage_retail,2018-12-01,124.3662
nominal_wage_retail,2019-01-01,100.3277
nominal_wage_retail,2019-02-01,99.8773
nominal_wage_retail,2019-03-01,105.174
nominal_wage_retail,2019-04-01,102.2977
nominal_wage_retail,2019-05-01,113.8443
nominal_wage_retail,2019-06-01,102.463
nominal_wage_retail,2019-07-01,102.2514
nominal_wage_retail,2019-08-01,104.4693
nominal_wage_retail,2019-09-01,101.8217
nominal_wage_retail,2019-10-01,103.7827
nominal_wage_retail,2019-11-01,106.9675
nominal_wage_retail,2019-12-01,130.088
nominal_wage_retail,2020-01-01,105.4598
nominal_wage_retail,2020-02-01,103.6603
nominal_wage_retail,2020-03-01,108.502
nominal_wage_retail,2020-04-01,105.2419
nominal_wage_retail,2020-05-01,113.653
nominal_wage_retail,2020-06-01,103.0181
nominal_wage_retail,2020-07-01,105.4086
nominal_wage_retail,2020-08-01,105.5653
nominal_wage_retail,2020-09-01,103.6646
nominal_wage_retail,2020-10-01,107.6664
nominal_wage_retail,2020-11-01,110.7076
nominal_wage_retail,2020-12-01,136.5389
nominal_wage_retail,2021-01-01,109.3329
nominal_wage_retail,2021-02-01,108.5558
nominal_wage_retail,2021-03-01,114.5385
nominal_wage_retail,2021-04-01,113.8379
nominal_wage_retail,2021-05-01,129.6557
nominal_wage_retail,2021-06-01,114.5296
nominal_wage_retail,2021-07-01,119.8594
nominal_wage_retail,2021-08-01,115.5812
nominal_wage_retail,2021-09-01,115.9862
nominal_wage_retail,2021-10-01,119.0015
nominal_wage_retail,2021-11-01,123.5336
nominal_wage_retail,2021-12-01,149.616
nominal_wage_retail,2022-01-01,122.6398
nominal_wage_retail,2022-02-01,122.5768
nominal_wage_retail,2022-03-01,127.5439
nominal_wage_retail,2022-04-01,132.2827
nominal_wage_retail,2022-05-01,151.4799
nominal_wage_retail,2022-06-01,133.658
nominal_wage_retail,2022-07-01,135.6918
nominal_wage_retail,2022-08-01,133.7311
nominal_wage_retail,2022-09-01,133.1782
nominal_wage_retail,2022-10-01,134.8217
nominal_wage_retail,2022-11-01,136.5047
nominal_wage_retail,2022-12-01,169.9357
nominal_wage_retail,2023-01-01,142.632
nominal_wage_retail,2023-02-01,143.0225
nominal_wage_retail,2023-03-01,148.825
nominal_wage_retail,2023-04-01,149.304
nominal_wage_retail,2023-05-01,174.8075
nominal_wage_retail,2023-06-01,151.6273
nominal_wage_retail,2023-07-01,151.472
nominal_wage_retail,2023-08-01,153.3928
nominal_wage_retail,2023-09-01,153.4043
nominal_wage_retail,2023-10-01,154.2803
nominal_wage_retail,2023-11-01,156.6012
nominal_wage_retail,2023-12-01,192.0221
nominal_wage_retail,2024-01-01,161.2922
nominal_wage_retail,2024-02-01,163.2606
nominal_wage_retail,2024-03-01,167.9471
nominal_wage_retail,2024-04-01,163.7921
nominal_wage_retail,2024-05-01,197.4726
nominal_wage_retail,2024-06-01,167.948
nominal_wage_retail,2024-07-01,168.0486
nominal_wage_retail,2024-08-01,175.0203
nominal_wage_retail,2024-09-01,169.4273
nominal_wage_retail,2024-10-01,173.9519
nominal_wage_retail,2024-11-01,176.3675
nominal_wage_retail,2024-12-01,210.974
nominal_wage_retail,2025-01-01,178.5238
nominal_wage_retail,2025-02-01,175.5329
nominal_wage_retail,2025-03-01,178.9766
nominal_wage_retail,2025-04-01,181.4176
nominal_wage_retail,2025-05-01,214.7445
nominal_wage_retail,2025-06-01,185.6204
nominal_wage_retail,2025-07-01,184.0906
nominal_wage_retail,2025-08-01,187.9398
nominal_wage_retail,2025-09-01,181.7203
nominal_wage_retail,2025-10-01,189.51
nominal_wage_retail,2025-11-01,186.0137
nominal_wage_retail,2025-12-01,226.0754
nominal_wage_retail,2026-01-01,197.4343
nominal_wage_retail,2026-02-01,192.33
nominal_wage_retail,2026-03-01,197.0035
nominal_wage_retail,2026-04-01,200.775
productivity_manuf,2007-01-01,104.0919
productivity_manuf,2007-02-01,101.9469
productivity_manuf,2007-03-01,111.52
productivity_manuf,2007-04-01,106.3097
productivity_manuf,2007-05-01,109.4863
productivity_manuf,2007-06-01,108.9154
productivity_manuf,2007-07-01,105.4341
productivity_manuf,2007-08-01,110.3301
productivity_manuf,2007-09-01,107.3366
productivity_manuf,2007-10-01,111.5604
productivity_manuf,2007-11-01,103.3335
productivity_manuf,2007-12-01,96.8398
productivity_manuf,2008-01-01,104.2174
productivity_manuf,2008-02-01,104.007
productivity_manuf,2008-03-01,102.3014
productivity_manuf,2008-04-01,111.1221
productivity_manuf,2008-05-01,105.0471
productivity_manuf,2008-06-01,106.2644
productivity_manuf,2008-07-01,104.2303
productivity_manuf,2008-08-01,106.5793
productivity_manuf,2008-09-01,109.477
productivity_manuf,2008-10-01,113.421
productivity_manuf,2008-11-01,102.7619
productivity_manuf,2008-12-01,99.989
productivity_manuf,2009-01-01,97.9036
productivity_manuf,2009-02-01,96.6739
productivity_manuf,2009-03-01,103.4165
productivity_manuf,2009-04-01,101.7776
productivity_manuf,2009-05-01,98.6711
productivity_manuf,2009-06-01,100.6329
productivity_manuf,2009-07-01,105.6322
productivity_manuf,2009-08-01,104.7511
productivity_manuf,2009-09-01,107.9901
productivity_manuf,2009-10-01,112.1754
productivity_manuf,2009-11-01,107.4235
productivity_manuf,2009-12-01,104.7945
productivity_manuf,2010-01-01,103.1734
productivity_manuf,2010-02-01,102.966
productivity_manuf,2010-03-01,113.9716
productivity_manuf,2010-04-01,107.9977
productivity_manuf,2010-05-01,105.9977
productivity_manuf,2010-06-01,108.4952
productivity_manuf,2010-07-01,105.9749
productivity_manuf,2010-08-01,108.0808
productivity_manuf,2010-09-01,107.6588
productivity_manuf,2010-10-01,108.7683
productivity_manuf,2010-11-01,105.0746
productivity_manuf,2010-12-01,102.7488
productivity_manuf,2011-01-01,102.6696
productivity_manuf,2011-02-01,101.6433
productivity_manuf,2011-03-01,112.557
productivity_manuf,2011-04-01,103.6829
productivity_manuf,2011-05-01,105.3566
productivity_manuf,2011-06-01,107.3115
productivity_manuf,2011-07-01,105.7229
productivity_manuf,2011-08-01,108.7786
productivity_manuf,2011-09-01,107.6189
productivity_manuf,2011-10-01,109.9972
productivity_manuf,2011-11-01,108.3746
productivity_manuf,2011-12-01,104.1789
productivity_manuf,2012-01-01,107.507
productivity_manuf,2012-02-01,107.4695
productivity_manuf,2012-03-01,115.0066
productivity_manuf,2012-04-01,106.8488
productivity_manuf,2012-05-01,109.8397
productivity_manuf,2012-06-01,110.5534
productivity_manuf,2012-07-01,108.6829
productivity_manuf,2012-08-01,109.9883
productivity_manuf,2012-09-01,107.2219
productivity_manuf,2012-10-01,110.8319
productivity_manuf,2012-11-01,107.0851
productivity_manuf,2012-12-01,100.1346
productivity_manuf,2013-01-01,104.7642
productivity_manuf,2013-02-01,102.2066
productivity_manuf,2013-03-01,104.7114
productivity_manuf,2013-04-01,108.0577
productivity_manuf,2013-05-01,107.5477
productivity_manuf,2013-06-01,105.1102
productivity_manuf,2013-07-01,107.2191
productivity_manuf,2013-08-01,107.8992
productivity_manuf,2013-09-01,103.1974
productivity_manuf,2013-10-01,111.2207
productivity_manuf,2013-11-01,104.2766
productivity_manuf,2013-12-01,97.5892
productivity_manuf,2014-01-01,105.0247
productivity_manuf,2014-02-01,100.7942
productivity_manuf,2014-03-01,110.7166
productivity_manuf,2014-04-01,106.4532
productivity_manuf,2014-05-01,109.1712
productivity_manuf,2014-06-01,108.1439
productivity_manuf,2014-07-01,109.8429
productivity_manuf,2014-08-01,105.9115
productivity_manuf,2014-09-01,105.1466
productivity_manuf,2014-10-01,112.2309
productivity_manuf,2014-11-01,104.5012
productivity_manuf,2014-12-01,100.7382
productivity_manuf,2015-01-01,103.7209
productivity_manuf,2015-02-01,103.1412
productivity_manuf,2015-03-01,109.9225
productivity_manuf,2015-04-01,105.9409
productivity_manuf,2015-05-01,106.0795
productivity_manuf,2015-06-01,107.9405
productivity_manuf,2015-07-01,108.1621
productivity_manuf,2015-08-01,107.3919
productivity_manuf,2015-09-01,107.4074
productivity_manuf,2015-10-01,112.1104
productivity_manuf,2015-11-01,104.4483
productivity_manuf,2015-12-01,101.7267
productivity_manuf,2016-01-01,102.3782
productivity_manuf,2016-02-01,103.0924
productivity_manuf,2016-03-01,105.6163
productivity_manuf,2016-04-01,106.4752
productivity_manuf,2016-05-01,104.0671
productivity_manuf,2016-06-01,106.0495
productivity_manuf,2016-07-01,102.9502
productivity_manuf,2016-08-01,106.9775
productivity_manuf,2016-09-01,102.1362
productivity_manuf,2016-10-01,105.0966
productivity_manuf,2016-11-01,103.9823
productivity_manuf,2016-12-01,98.5628
productivity_manuf,2017-01-01,101.9119
productivity_manuf,2017-02-01,100.3011
productivity_manuf,2017-03-01,110.238
productivity_manuf,2017-04-01,99.7121
productivity_manuf,2017-05-01,105.1155
productivity_manuf,2017-06-01,104.4146
productivity_manuf,2017-07-01,100.4501
productivity_manuf,2017-08-01,105.5683
productivity_manuf,2017-09-01,98.6646
productivity_manuf,2017-10-01,103.8196
productivity_manuf,2017-11-01,101.8882
productivity_manuf,2017-12-01,93.8443
productivity_manuf,2018-01-01,98.9165
productivity_manuf,2018-02-01,96.1107
productivity_manuf,2018-03-01,102.3647
productivity_manuf,2018-04-01,99.5487
productivity_manuf,2018-05-01,103.2034
productivity_manuf,2018-06-01,102.2326
productivity_manuf,2018-07-01,99.9292
productivity_manuf,2018-08-01,104.6397
productivity_manuf,2018-09-01,98.4096
productivity_manuf,2018-10-01,103.0207
productivity_manuf,2018-11-01,100.2993
productivity_manuf,2018-12-01,91.1311
productivity_manuf,2019-01-01,97.7264
productivity_manuf,2019-02-01,95.4401
productivity_manuf,2019-03-01,102.5171
productivity_manuf,2019-04-01,97.4146
productivity_manuf,2019-05-01,101.54
productivity_manuf,2019-06-01,99.3865
productivity_manuf,2019-07-01,100.1171
productivity_manuf,2019-08-01,101.597
productivity_manuf,2019-09-01,97.2438
productivity_manuf,2019-10-01,100.3544
productivity_manuf,2019-11-01,96.398
productivity_manuf,2019-12-01,89.3608
productivity_manuf,2020-01-01,97.4283
productivity_manuf,2020-02-01,95.1366
productivity_manuf,2020-03-01,98.4384
productivity_manuf,2020-04-01,68.3474
productivity_manuf,2020-05-01,70.7616
productivity_manuf,2020-06-01,90.7581
productivity_manuf,2020-07-01,95.4021
productivity_manuf,2020-08-01,96.9625
productivity_manuf,2020-09-01,98.8655
productivity_manuf,2020-10-01,102.219
productivity_manuf,2020-11-01,97.582
productivity_manuf,2020-12-01,94.5371
productivity_manuf,2021-01-01,96.4724
productivity_manuf,2021-02-01,91.9547
productivity_manuf,2021-03-01,105.5579
productivity_manuf,2021-04-01,98.0632
productivity_manuf,2021-05-01,97.7382
productivity_manuf,2021-06-01,99.2215
productivity_manuf,2021-07-01,97.9234
productivity_manuf,2021-08-01,98.9485
productivity_manuf,2021-09-01,94.1676
productivity_manuf,2021-10-01,98.8415
productivity_manuf,2021-11-01,97.5235
productivity_manuf,2021-12-01,95.9632
productivity_manuf,2022-01-01,98.1201
productivity_manuf,2022-02-01,96.2987
productivity_manuf,2022-03-01,106.1396
productivity_manuf,2022-04-01,99.6098
productivity_manuf,2022-05-01,101.635
productivity_manuf,2022-06-01,101.3396
productivity_manuf,2022-07-01,101.1358
productivity_manuf,2022-08-01,105.8095
productivity_manuf,2022-09-01,100.5074
productivity_manuf,2022-10-01,103.6153
productivity_manuf,2022-11-01,102.4955
productivity_manuf,2022-12-01,98.6582
productivity_manuf,2023-01-01,101.4996
productivity_manuf,2023-02-01,99.0609
productivity_manuf,2023-03-01,109.217
productivity_manuf,2023-04-01,101.3197
productivity_manuf,2023-05-01,105.0937
productivity_manuf,2023-06-01,104.0657
productivity_manuf,2023-07-01,102.4776
productivity_manuf,2023-08-01,105.8949
productivity_manuf,2023-09-01,103.0858
productivity_manuf,2023-10-01,106.3916
productivity_manuf,2023-11-01,103.9504
productivity_manuf,2023-12-01,97.0251
productivity_manuf,2024-01-01,103.1069
productivity_manuf,2024-02-01,102.1883
productivity_manuf,2024-03-01,105.3858
productivity_manuf,2024-04-01,106.5388
productivity_manuf,2024-05-01,105.0769
productivity_manuf,2024-06-01,104.7232
productivity_manuf,2024-07-01,105.4697
productivity_manuf,2024-08-01,107.4759
productivity_manuf,2024-09-01,104.8446
productivity_manuf,2024-10-01,109.2891
productivity_manuf,2024-11-01,105.4565
productivity_manuf,2024-12-01,97.7882
productivity_manuf,2025-01-01,103.17
productivity_manuf,2025-02-01,103.4815
productivity_manuf,2025-03-01,110.1942
productivity_manuf,2025-04-01,105.9617
productivity_manuf,2025-05-01,108.0254
productivity_manuf,2025-06-01,107.8126
productivity_manuf,2025-07-01,106.3468
productivity_manuf,2025-08-01,107.2249
productivity_manuf,2025-09-01,107.0301
productivity_manuf,2025-10-01,110.867
productivity_manuf,2025-11-01,106.2648
productivity_manuf,2025-12-01,101.731
productivity_manuf,2026-01-01,102.7009
productivity_manuf,2026-02-01,103.9723
productivity_manuf,2026-03-01,111.8253
productivity_manuf,2026-04-01,108.5504
productivity_retail,2008-01-01,95.1591
productivity_retail,2008-02-01,91.3936
productivity_retail,2008-03-01,91.9338
productivity_retail,2008-04-01,97.2723
productivity_retail,2008-05-01,98.6889
productivity_retail,2008-06-01,97.6892
productivity_retail,2008-07-01,100.522
productivity_retail,2008-08-01,97.3828
productivity_retail,2008-09-01,94.3337
productivity_retail,2008-10-01,99.4816
productivity_retail,2008-11-01,95.3332
productivity_retail,2008-12-01,107.7937
productivity_retail,2009-01-01,91.4455
productivity_retail,2009-02-01,85.6824
productivity_retail,2009-03-01,92.0446
productivity_retail,2009-04-01,87.4999
productivity_retail,2009-05-01,89.7376
productivity_retail,2009-06-01,91.4396
productivity_retail,2009-07-01,92.9944
productivity_retail,2009-08-01,91.3445
productivity_retail,2009-09-01,88.3124
productivity_retail,2009-10-01,92.8166
productivity_retail,2009-11-01,92.3583
productivity_retail,2009-12-01,105.7223
productivity_retail,2010-01-01,89.2376
productivity_retail,2010-02-01,85.5186
productivity_retail,2010-03-01,93.9361
productivity_retail,2010-04-01,90.8299
productivity_retail,2010-05-01,93.7582
productivity_retail,2010-06-01,93.8166
productivity_retail,2010-07-01,95.085
productivity_retail,2010-08-01,95.3615
productivity_retail,2010-09-01,91.0346
productivity_retail,2010-10-01,95.0125
productivity_retail,2010-11-01,94.3055
productivity_retail,2010-12-01,107.6098
productivity_retail,2011-01-01,91.6632
productivity_retail,2011-02-01,85.2915
productivity_retail,2011-03-01,93.2524
productivity_retail,2011-04-01,88.4797
productivity_retail,2011-05-01,93.6122
productivity_retail,2011-06-01,93.4691
productivity_retail,2011-07-01,92.152
productivity_retail,2011-08-01,95.7567
productivity_retail,2011-09-01,93.4316
productivity_retail,2011-10-01,95.3579
productivity_retail,2011-11-01,97.596
productivity_retail,2011-12-01,111.7342
productivity_retail,2012-01-01,95.1361
productivity_retail,2012-02-01,91.4713
productivity_retail,2012-03-01,96.5466
productivity_retail,2012-04-01,90.9559
productivity_retail,2012-05-01,98.3823
productivity_retail,2012-06-01,97.993
productivity_retail,2012-07-01,96.5292
productivity_retail,2012-08-01,98.9
productivity_retail,2012-09-01,94.915
productivity_retail,2012-10-01,99.3313
productivity_retail,2012-11-01,98.9813
productivity_retail,2012-12-01,106.8902
productivity_retail,2013-01-01,94.014
productivity_retail,2013-02-01,87.4232
productivity_retail,2013-03-01,91.6005
productivity_retail,2013-04-01,92.7906
productivity_retail,2013-05-01,95.3266
productivity_retail,2013-06-01,93.7999
productivity_retail,2013-07-01,97.1245
productivity_retail,2013-08-01,95.613
productivity_retail,2013-09-01,91.0926
productivity_retail,2013-10-01,97.5795
productivity_retail,2013-11-01,98.9667
productivity_retail,2013-12-01,108.5077
productivity_retail,2014-01-01,93.921
productivity_retail,2014-02-01,88.8081
productivity_retail,2014-03-01,94.2163
productivity_retail,2014-04-01,92.6962
productivity_retail,2014-05-01,97.1336
productivity_retail,2014-06-01,96.0547
productivity_retail,2014-07-01,99.1132
productivity_retail,2014-08-01,98.1275
productivity_retail,2014-09-01,94.5646
productivity_retail,2014-10-01,100.2815
productivity_retail,2014-11-01,101.0329
productivity_retail,2014-12-01,112.5611
productivity_retail,2015-01-01,95.9627
productivity_retail,2015-02-01,89.8006
productivity_retail,2015-03-01,97.4559
productivity_retail,2015-04-01,93.9877
productivity_retail,2015-05-01,97.6937
productivity_retail,2015-06-01,99.6528
productivity_retail,2015-07-01,102.0615
productivity_retail,2015-08-01,100.1121
productivity_retail,2015-09-01,95.6024
productivity_retail,2015-10-01,100.7121
productivity_retail,2015-11-01,101.1591
productivity_retail,2015-12-01,112.2056
productivity_retail,2016-01-01,95.3071
productivity_retail,2016-02-01,91.9611
productivity_retail,2016-03-01,95.7774
productivity_retail,2016-04-01,96.3633
productivity_retail,2016-05-01,98.8253
productivity_retail,2016-06-01,100.3039
productivity_retail,2016-07-01,99.5766
productivity_retail,2016-08-01,101.8543
productivity_retail,2016-09-01,97.8809
productivity_retail,2016-10-01,101.2772
productivity_retail,2016-11-01,104.657
productivity_retail,2016-12-01,116.1474
productivity_retail,2017-01-01,97.9664
productivity_retail,2017-02-01,91.5611
productivity_retail,2017-03-01,100.0929
productivity_retail,2017-04-01,93.6532
productivity_retail,2017-05-01,99.9435
productivity_retail,2017-06-01,99.7084
productivity_retail,2017-07-01,98.6509
productivity_retail,2017-08-01,100.4654
productivity_retail,2017-09-01,94.7823
productivity_retail,2017-10-01,99.5229
productivity_retail,2017-11-01,103.2257
productivity_retail,2017-12-01,112.9808
productivity_retail,2018-01-01,97.2266
productivity_retail,2018-02-01,90.2455
productivity_retail,2018-03-01,97.1927
productivity_retail,2018-04-01,96.5556
productivity_retail,2018-05-01,102.4841
productivity_retail,2018-06-01,101.1286
productivity_retail,2018-07-01,100.4412
productivity_retail,2018-08-01,100.6266
productivity_retail,2018-09-01,95.6496
productivity_retail,2018-10-01,102.6432
productivity_retail,2018-11-01,105.7744
productivity_retail,2018-12-01,110.0321
productivity_retail,2019-01-01,94.7345
productivity_retail,2019-02-01,88.5685
productivity_retail,2019-03-01,96.8405
productivity_retail,2019-04-01,93.7701
productivity_retail,2019-05-01,99.8373
productivity_retail,2019-06-01,96.9635
productivity_retail,2019-07-01,97.989
productivity_retail,2019-08-01,96.9703
productivity_retail,2019-09-01,91.917
productivity_retail,2019-10-01,96.6856
productivity_retail,2019-11-01,100.9028
productivity_retail,2019-12-01,108.8214
productivity_retail,2020-01-01,93.7071
productivity_retail,2020-02-01,87.1904
productivity_retail,2020-03-01,90.3985
productivity_retail,2020-04-01,70.5355
productivity_retail,2020-05-01,74.6456
productivity_retail,2020-06-01,81.0323
productivity_retail,2020-07-01,87.4349
productivity_retail,2020-08-01,87.684
productivity_retail,2020-09-01,87.7513
productivity_retail,2020-10-01,90.8975
productivity_retail,2020-11-01,97.0932
productivity_retail,2020-12-01,106.8811
productivity_retail,2021-01-01,92.1089
productivity_retail,2021-02-01,89.3131
productivity_retail,2021-03-01,101.5202
productivity_retail,2021-04-01,96.6323
productivity_retail,2021-05-01,102.8978
productivity_retail,2021-06-01,102.7217
productivity_retail,2021-07-01,101.8369
productivity_retail,2021-08-01,98.8477
productivity_retail,2021-09-01,96.3146
productivity_retail,2021-10-01,99.7842
productivity_retail,2021-11-01,107.5379
productivity_retail,2021-12-01,113.4564
productivity_retail,2022-01-01,96.1514
productivity_retail,2022-02-01,93.2234
productivity_retail,2022-03-01,107.2514
productivity_retail,2022-04-01,102.9633
productivity_retail,2022-05-01,108.6559
productivity_retail,2022-06-01,108.9334
productivity_retail,2022-07-01,107.5381
productivity_retail,2022-08-01,108.1296
productivity_retail,2022-09-01,102.8234
productivity_retail,2022-10-01,105.9472
productivity_retail,2022-11-01,111.1852
productivity_retail,2022-12-01,121.2572
productivity_retail,2023-01-01,104.5024
productivity_retail,2023-02-01,97.2929
productivity_retail,2023-03-01,106.2825
productivity_retail,2023-04-01,102.7466
productivity_retail,2023-05-01,109.7385
productivity_retail,2023-06-01,108.8577
productivity_retail,2023-07-01,107.3516
productivity_retail,2023-08-01,108.9413
productivity_retail,2023-09-01,105.9859
productivity_retail,2023-10-01,107.8062
productivity_retail,2023-11-01,113.6496
productivity_retail,2023-12-01,119.7118
productivity_retail,2024-01-01,103.268
productivity_retail,2024-02-01,99.9266
productivity_retail,2024-03-01,102.2819
productivity_retail,2024-04-01,102.2475
productivity_retail,2024-05-01,107.0733
productivity_retail,2024-06-01,101.4678
productivity_retail,2024-07-01,105.2198
productivity_retail,2024-08-01,104.8768
productivity_retail,2024-09-01,100.1479
productivity_retail,2024-10-01,103.7592
productivity_retail,2024-11-01,110.07
productivity_retail,2024-12-01,117.3245
productivity_retail,2025-01-01,99.442
productivity_retail,2025-02-01,93.1625
productivity_retail,2025-03-01,101.4438
productivity_retail,2025-04-01,97.9042
productivity_retail,2025-05-01,103.6637
productivity_retail,2025-06-01,99.6308
productivity_retail,2025-07-01,104.4708
productivity_retail,2025-08-01,103.4616
productivity_retail,2025-09-01,102.1185
productivity_retail,2025-10-01,104.6019
productivity_retail,2025-11-01,111.0274
productivity_retail,2025-12-01,119.7861
productivity_retail,2026-01-01,102.3922
productivity_retail,2026-02-01,94.3222
productivity_retail,2026-03-01,106.4313
productivity_retail,2026-04-01,103.3654
real_wage_manuf,2007-01-01,87.2
real_wage_manuf,2007-02-01,87.0
real_wage_manuf,2007-03-01,93.4
real_wage_manuf,2007-04-01,93.1
real_wage_manuf,2007-05-01,112.0
real_wage_manuf,2007-06-01,94.3
real_wage_manuf,2007-07-01,90.3
real_wage_manuf,2007-08-01,94.3
real_wage_manuf,2007-09-01,90.8
real_wage_manuf,2007-10-01,94.4
real_wage_manuf,2007-11-01,92.3
real_wage_manuf,2007-12-01,116.4
real_wage_manuf,2008-01-01,89.3
real_wage_manuf,2008-02-01,88.8
real_wage_manuf,2008-03-01,91.2
real_wage_manuf,2008-04-01,96.6
real_wage_manuf,2008-05-01,110.1
real_wage_manuf,2008-06-01,95.0
real_wage_manuf,2008-07-01,91.8
real_wage_manuf,2008-08-01,90.5
real_wage_manuf,2008-09-01,92.5
real_wage_manuf,2008-10-01,95.6
real_wage_manuf,2008-11-01,90.9
real_wage_manuf,2008-12-01,117.0
real_wage_manuf,2009-01-01,87.6
real_wage_manuf,2009-02-01,86.9
real_wage_manuf,2009-03-01,92.3
real_wage_manuf,2009-04-01,94.1
real_wage_manuf,2009-05-01,107.4
real_wage_manuf,2009-06-01,92.6
real_wage_manuf,2009-07-01,92.8
real_wage_manuf,2009-08-01,89.4
real_wage_manuf,2009-09-01,91.6
real_wage_manuf,2009-10-01,91.9
real_wage_manuf,2009-11-01,89.9
real_wage_manuf,2009-12-01,117.7
real_wage_manuf,2010-01-01,87.6
real_wage_manuf,2010-02-01,85.9
real_wage_manuf,2010-03-01,93.6
real_wage_manuf,2010-04-01,92.4
real_wage_manuf,2010-05-01,103.9
real_wage_manuf,2010-06-01,93.8
real_wage_manuf,2010-07-01,90.6
real_wage_manuf,2010-08-01,90.7
real_wage_manuf,2010-09-01,90.8
real_wage_manuf,2010-10-01,89.8
real_wage_manuf,2010-11-01,89.1
real_wage_manuf,2010-12-01,115.5
real_wage_manuf,2011-01-01,87.2
real_wage_manuf,2011-02-01,85.9
real_wage_manuf,2011-03-01,94.1
real_wage_manuf,2011-04-01,90.6
real_wage_manuf,2011-05-01,107.1
real_wage_manuf,2011-06-01,94.8
real_wage_manuf,2011-07-01,90.1
real_wage_manuf,2011-08-01,93.6
real_wage_manuf,2011-09-01,92.7
real_wage_manuf,2011-10-01,91.4
real_wage_manuf,2011-11-01,92.2
real_wage_manuf,2011-12-01,116.5
real_wage_manuf,2012-01-01,89.6
real_wage_manuf,2012-02-01,89.1
real_wage_manuf,2012-03-01,94.1
real_wage_manuf,2012-04-01,92.3
real_wage_manuf,2012-05-01,112.4
real_wage_manuf,2012-06-01,94.4
real_wage_manuf,2012-07-01,92.5
real_wage_manuf,2012-08-01,94.3
real_wage_manuf,2012-09-01,90.3
real_wage_manuf,2012-10-01,91.1
real_wage_manuf,2012-11-01,92.8
real_wage_manuf,2012-12-01,113.9
real_wage_manuf,2013-01-01,93.8
real_wage_manuf,2013-02-01,88.4
real_wage_manuf,2013-03-01,92.8
real_wage_manuf,2013-04-01,94.4
real_wage_manuf,2013-05-01,110.6
real_wage_manuf,2013-06-01,93.0
real_wage_manuf,2013-07-01,94.9
real_wage_manuf,2013-08-01,94.1
real_wage_manuf,2013-09-01,90.4
real_wage_manuf,2013-10-01,94.9
real_wage_manuf,2013-11-01,92.2
real_wage_manuf,2013-12-01,115.3
real_wage_manuf,2014-01-01,92.8
real_wage_manuf,2014-02-01,88.4
real_wage_manuf,2014-03-01,91.5
real_wage_manuf,2014-04-01,94.1
real_wage_manuf,2014-05-01,111.5
real_wage_manuf,2014-06-01,94.6
real_wage_manuf,2014-07-01,96.6
real_wage_manuf,2014-08-01,92.6
real_wage_manuf,2014-09-01,91.6
real_wage_manuf,2014-10-01,95.3
real_wage_manuf,2014-11-01,91.9
real_wage_manuf,2014-12-01,115.2
real_wage_manuf,2015-01-01,90.8
real_wage_manuf,2015-02-01,89.3
real_wage_manuf,2015-03-01,93.7
real_wage_manuf,2015-04-01,95.2
real_wage_manuf,2015-05-01,112.2
real_wage_manuf,2015-06-01,95.3
real_wage_manuf,2015-07-01,97.1
real_wage_manuf,2015-08-01,93.1
real_wage_manuf,2015-09-01,92.7
real_wage_manuf,2015-10-01,96.0
real_wage_manuf,2015-11-01,93.9
real_wage_manuf,2015-12-01,118.6
real_wage_manuf,2016-01-01,91.1
real_wage_manuf,2016-02-01,91.3
real_wage_manuf,2016-03-01,97.0
real_wage_manuf,2016-04-01,97.2
real_wage_manuf,2016-05-01,119.4
real_wage_manuf,2016-06-01,99.9
real_wage_manuf,2016-07-01,96.1
real_wage_manuf,2016-08-01,96.9
real_wage_manuf,2016-09-01,98.1
real_wage_manuf,2016-10-01,96.2
real_wage_manuf,2016-11-01,96.4
real_wage_manuf,2016-12-01,120.4
real_wage_manuf,2017-01-01,91.9
real_wage_manuf,2017-02-01,91.3
real_wage_manuf,2017-03-01,98.2
real_wage_manuf,2017-04-01,95.7
real_wage_manuf,2017-05-01,120.9
real_wage_manuf,2017-06-01,99.4
real_wage_manuf,2017-07-01,93.8
real_wage_manuf,2017-08-01,96.7
real_wage_manuf,2017-09-01,94.9
real_wage_manuf,2017-10-01,95.7
real_wage_manuf,2017-11-01,96.7
real_wage_manuf,2017-12-01,116.9
real_wage_manuf,2018-01-01,91.8
real_wage_manuf,2018-02-01,92.2
real_wage_manuf,2018-03-01,98.4
real_wage_manuf,2018-04-01,96.0
real_wage_manuf,2018-05-01,128.0
real_wage_manuf,2018-06-01,98.6
real_wage_manuf,2018-07-01,94.2
real_wage_manuf,2018-08-01,98.4
real_wage_manuf,2018-09-01,93.0
real_wage_manuf,2018-10-01,95.8
real_wage_manuf,2018-11-01,95.9
real_wage_manuf,2018-12-01,117.6
real_wage_manuf,2019-01-01,95.0
real_wage_manuf,2019-02-01,92.7
real_wage_manuf,2019-03-01,97.2
real_wage_manuf,2019-04-01,97.4
real_wage_manuf,2019-05-01,128.5
real_wage_manuf,2019-06-01,97.6
real_wage_manuf,2019-07-01,96.0
real_wage_manuf,2019-08-01,99.7
real_wage_manuf,2019-09-01,95.7
real_wage_manuf,2019-10-01,98.6
real_wage_manuf,2019-11-01,96.4
real_wage_manuf,2019-12-01,121.4
real_wage_manuf,2020-01-01,95.7
real_wage_manuf,2020-02-01,94.6
real_wage_manuf,2020-03-01,97.1
real_wage_manuf,2020-04-01,97.5
real_wage_manuf,2020-05-01,119.0
real_wage_manuf,2020-06-01,96.7
real_wage_manuf,2020-07-01,98.7
real_wage_manuf,2020-08-01,97.3
real_wage_manuf,2020-09-01,96.5
real_wage_manuf,2020-10-01,100.9
real_wage_manuf,2020-11-01,96.9
real_wage_manuf,2020-12-01,125.8
real_wage_manuf,2021-01-01,96.1
real_wage_manuf,2021-02-01,95.3
real_wage_manuf,2021-03-01,101.5
real_wage_manuf,2021-04-01,99.6
real_wage_manuf,2021-05-01,124.1
real_wage_manuf,2021-06-01,98.2
real_wage_manuf,2021-07-01,100.6
real_wage_manuf,2021-08-01,98.9
real_wage_manuf,2021-09-01,100.5
real_wage_manuf,2021-10-01,100.3
real_wage_manuf,2021-11-01,98.7
real_wage_manuf,2021-12-01,132.2
real_wage_manuf,2022-01-01,97.7
real_wage_manuf,2022-02-01,99.3
real_wage_manuf,2022-03-01,104.7
real_wage_manuf,2022-04-01,104.7
real_wage_manuf,2022-05-01,129.4
real_wage_manuf,2022-06-01,105.1
real_wage_manuf,2022-07-01,101.4
real_wage_manuf,2022-08-01,101.0
real_wage_manuf,2022-09-01,102.7
real_wage_manuf,2022-10-01,100.3
real_wage_manuf,2022-11-01,100.4
real_wage_manuf,2022-12-01,132.8
real_wage_manuf,2023-01-01,100.4
real_wage_manuf,2023-02-01,100.7
real_wage_manuf,2023-03-01,109.4
real_wage_manuf,2023-04-01,106.8
real_wage_manuf,2023-05-01,138.1
real_wage_manuf,2023-06-01,110.9
real_wage_manuf,2023-07-01,104.4
real_wage_manuf,2023-08-01,107.5
real_wage_manuf,2023-09-01,105.9
real_wage_manuf,2023-10-01,105.8
real_wage_manuf,2023-11-01,106.9
real_wage_manuf,2023-12-01,137.4
real_wage_manuf,2024-01-01,105.3
real_wage_manuf,2024-02-01,108.7
real_wage_manuf,2024-03-01,112.1
real_wage_manuf,2024-04-01,111.5
real_wage_manuf,2024-05-01,146.3
real_wage_manuf,2024-06-01,111.6
real_wage_manuf,2024-07-01,108.1
real_wage_manuf,2024-08-01,112.7
real_wage_manuf,2024-09-01,108.0
real_wage_manuf,2024-10-01,113.3
real_wage_manuf,2024-11-01,110.1
real_wage_manuf,2024-12-01,142.5
real_wage_manuf,2025-01-01,112.6
real_wage_manuf,2025-02-01,111.1
real_wage_manuf,2025-03-01,115.0
real_wage_manuf,2025-04-01,119.5
real_wage_manuf,2025-05-01,150.5
real_wage_manuf,2025-06-01,116.4
real_wage_manuf,2025-07-01,116.2
real_wage_manuf,2025-08-01,116.2
real_wage_manuf,2025-09-01,112.3
real_wage_manuf,2025-10-01,119.5
real_wage_manuf,2025-11-01,112.4
real_wage_manuf,2025-12-01,150.7
real_wage_manuf,2026-01-01,114.9
real_wage_manuf,2026-02-01,114.2
real_wage_manuf,2026-03-01,117.6
real_wage_manuf,2026-04-01,123.5
real_wage_retail,2008-01-01,85.1287
real_wage_retail,2008-02-01,84.0683
real_wage_retail,2008-03-01,86.1291
real_wage_retail,2008-04-01,85.1293
real_wage_retail,2008-05-01,99.8532
real_wage_retail,2008-06-01,84.998
real_wage_retail,2008-07-01,84.939
real_wage_retail,2008-08-01,84.7423
real_wage_retail,2008-09-01,83.0207
real_wage_retail,2008-10-01,84.7424
real_wage_retail,2008-11-01,82.4201
real_wage_retail,2008-12-01,105.5416
real_wage_retail,2009-01-01,84.9656
real_wage_retail,2009-02-01,81.3654
real_wage_retail,2009-03-01,83.6481
real_wage_retail,2009-04-01,84.6508
real_wage_retail,2009-05-01,94.9734
real_wage_retail,2009-06-01,82.9619
real_wage_retail,2009-07-01,85.2854
real_wage_retail,2009-08-01,82.8812
real_wage_retail,2009-09-01,82.4262
real_wage_retail,2009-10-01,83.6818
real_wage_retail,2009-11-01,83.3005
real_wage_retail,2009-12-01,108.0763
real_wage_retail,2010-01-01,84.2555
real_wage_retail,2010-02-01,82.4126
real_wage_retail,2010-03-01,86.8566
real_wage_retail,2010-04-01,85.3902
real_wage_retail,2010-05-01,96.333
real_wage_retail,2010-06-01,85.3101
real_wage_retail,2010-07-01,87.0526
real_wage_retail,2010-08-01,86.2516
real_wage_retail,2010-09-01,84.9886
real_wage_retail,2010-10-01,84.7533
real_wage_retail,2010-11-01,84.1788
real_wage_retail,2010-12-01,110.022
real_wage_retail,2011-01-01,85.5255
real_wage_retail,2011-02-01,83.0246
real_wage_retail,2011-03-01,88.0011
real_wage_retail,2011-04-01,86.5174
real_wage_retail,2011-05-01,99.2471
real_wage_retail,2011-06-01,88.8441
real_wage_retail,2011-07-01,88.8895
real_wage_retail,2011-08-01,86.5416
real_wage_retail,2011-09-01,88.1227
real_wage_retail,2011-10-01,85.571
real_wage_retail,2011-11-01,86.4284
real_wage_retail,2011-12-01,111.1804
real_wage_retail,2012-01-01,86.7669
real_wage_retail,2012-02-01,86.1748
real_wage_retail,2012-03-01,90.9318
real_wage_retail,2012-04-01,88.1778
real_wage_retail,2012-05-01,101.2836
real_wage_retail,2012-06-01,89.2315
real_wage_retail,2012-07-01,88.6718
real_wage_retail,2012-08-01,88.7458
real_wage_retail,2012-09-01,87.9341
real_wage_retail,2012-10-01,87.6774
real_wage_retail,2012-11-01,89.2034
real_wage_retail,2012-12-01,115.1723
real_wage_retail,2013-01-01,90.8273
real_wage_retail,2013-02-01,86.0895
real_wage_retail,2013-03-01,87.9749
real_wage_retail,2013-04-01,87.7791
real_wage_retail,2013-05-01,96.9021
real_wage_retail,2013-06-01,88.5815
real_wage_retail,2013-07-01,89.0296
real_wage_retail,2013-08-01,89.3383
real_wage_retail,2013-09-01,88.3467
real_wage_retail,2013-10-01,88.0969
real_wage_retail,2013-11-01,89.32
real_wage_retail,2013-12-01,110.8829
real_wage_retail,2014-01-01,88.8643
real_wage_retail,2014-02-01,86.583
real_wage_retail,2014-03-01,89.3465
real_wage_retail,2014-04-01,87.9439
real_wage_retail,2014-05-01,98.7821
real_wage_retail,2014-06-01,89.6725
real_wage_retail,2014-07-01,90.3384
real_wage_retail,2014-08-01,89.7625
real_wage_retail,2014-09-01,88.7479
real_wage_retail,2014-10-01,90.1397
real_wage_retail,2014-11-01,88.9951
real_wage_retail,2014-12-01,111.6188
real_wage_retail,2015-01-01,90.6826
real_wage_retail,2015-02-01,88.5333
real_wage_retail,2015-03-01,91.3484
real_wage_retail,2015-04-01,90.8389
real_wage_retail,2015-05-01,101.7086
real_wage_retail,2015-06-01,92.3878
real_wage_retail,2015-07-01,94.2851
real_wage_retail,2015-08-01,92.2861
real_wage_retail,2015-09-01,91.1589
real_wage_retail,2015-10-01,92.5771
real_wage_retail,2015-11-01,92.1382
real_wage_retail,2015-12-01,113.9589
real_wage_retail,2016-01-01,92.4521
real_wage_retail,2016-02-01,91.5558
real_wage_retail,2016-03-01,96.2954
real_wage_retail,2016-04-01,93.0677
real_wage_retail,2016-05-01,104.5175
real_wage_retail,2016-06-01,95.7578
real_wage_retail,2016-07-01,97.2869
real_wage_retail,2016-08-01,95.6597
real_wage_retail,2016-09-01,95.7717
real_wage_retail,2016-10-01,94.0996
real_wage_retail,2016-11-01,94.5551
real_wage_retail,2016-12-01,120.4335
real_wage_retail,2017-01-01,93.8531
real_wage_retail,2017-02-01,92.183
real_wage_retail,2017-03-01,99.3656
real_wage_retail,2017-04-01,94.5214
real_wage_retail,2017-05-01,104.9671
real_wage_retail,2017-06-01,96.9943
real_wage_retail,2017-07-01,95.2836
real_wage_retail,2017-08-01,95.1839
real_wage_retail,2017-09-01,94.1413
real_wage_retail,2017-10-01,93.4313
real_wage_retail,2017-11-01,95.7435
real_wage_retail,2017-12-01,119.2541
real_wage_retail,2018-01-01,93.9083
real_wage_retail,2018-02-01,93.5961
real_wage_retail,2018-03-01,100.4679
real_wage_retail,2018-04-01,97.6721
real_wage_retail,2018-05-01,108.3645
real_wage_retail,2018-06-01,98.367
real_wage_retail,2018-07-01,97.3803
real_wage_retail,2018-08-01,98.4295
real_wage_retail,2018-09-01,95.1445
real_wage_retail,2018-10-01,95.9557
real_wage_retail,2018-11-01,99.6258
real_wage_retail,2018-12-01,121.0882
real_wage_retail,2019-01-01,97.5998
real_wage_retail,2019-02-01,97.1891
real_wage_retail,2019-03-01,101.9506
real_wage_retail,2019-04-01,99.1097
real_wage_retail,2019-05-01,110.6148
real_wage_retail,2019-06-01,99.4928
real_wage_retail,2019-07-01,98.9158
real_wage_retail,2019-08-01,101.078
real_wage_retail,2019-09-01,98.2585
real_wage_retail,2019-10-01,99.6132
real_wage_retail,2019-11-01,101.8485
real_wage_retail,2019-12-01,123.175
real_wage_retail,2020-01-01,99.3744
real_wage_retail,2020-02-01,97.2748
real_wage_retail,2020-03-01,101.8668
real_wage_retail,2020-04-01,99.8179
real_wage_retail,2020-05-01,107.3823
real_wage_retail,2020-06-01,96.8044
real_wage_retail,2020-07-01,98.4044
real_wage_retail,2020-08-01,98.1643
real_wage_retail,2020-09-01,96.1765
real_wage_retail,2020-10-01,99.2832
real_wage_retail,2020-11-01,102.0107
real_wage_retail,2020-12-01,125.335
real_wage_retail,2021-01-01,99.5063
real_wage_retail,2021-02-01,98.1781
real_wage_retail,2021-03-01,102.7395
real_wage_retail,2021-04-01,101.7779
real_wage_retail,2021-05-01,115.6838
real_wage_retail,2021-06-01,101.6461
real_wage_retail,2021-07-01,105.755
real_wage_retail,2021-08-01,101.786
real_wage_retail,2021-09-01,101.5169
real_wage_retail,2021-10-01,103.2909
real_wage_retail,2021-11-01,106.011
real_wage_retail,2021-12-01,127.9296
real_wage_retail,2022-01-01,104.2469
real_wage_retail,2022-02-01,103.3359
real_wage_retail,2022-03-01,106.4693
real_wage_retail,2022-04-01,109.8309
real_wage_retail,2022-05-01,125.5485
real_wage_retail,2022-06-01,109.8498
real_wage_retail,2022-07-01,110.7014
real_wage_retail,2022-08-01,108.3483
real_wage_retail,2022-09-01,107.2351
real_wage_retail,2022-10-01,107.9475
real_wage_retail,2022-11-01,108.6697
real_wage_retail,2022-12-01,134.7691
real_wage_retail,2023-01-01,112.3535
real_wage_retail,2023-02-01,112.0364
real_wage_retail,2023-03-01,116.2703
real_wage_retail,2023-04-01,116.6682
real_wage_retail,2023-05-01,136.8945
real_wage_retail,2023-06-01,118.6213
real_wage_retail,2023-07-01,117.9314
real_wage_retail,2023-08-01,118.7695
real_wage_retail,2023-09-01,118.2536
real_wage_retail,2023-10-01,118.4835
real_wage_retail,2023-11-01,119.501
real_wage_retail,2023-12-01,145.5032
real_wage_retail,2024-01-01,121.1362
real_wage_retail,2024-02-01,122.499
real_wage_retail,2024-03-01,125.6544
real_wage_retail,2024-04-01,122.2985
real_wage_retail,2024-05-01,147.7206
real_wage_retail,2024-06-01,125.1613
real_wage_retail,2024-07-01,123.9388
real_wage_retail,2024-08-01,129.071
real_wage_retail,2024-09-01,124.8848
real_wage_retail,2024-10-01,127.519
real_wage_retail,2024-11-01,128.7291
real_wage_retail,2024-12-01,153.4021
real_wage_retail,2025-01-01,129.4373
real_wage_retail,2025-02-01,126.9175
real_wage_retail,2025-03-01,129.0029
real_wage_retail,2025-04-01,130.3325
real_wage_retail,2025-05-01,153.8429
real_wage_retail,2025-06-01,132.6062
real_wage_retail,2025-07-01,131.163
real_wage_retail,2025-08-01,133.8229
real_wage_retail,2025-09-01,129.0918
real_wage_retail,2025-10-01,134.1401
real_wage_retail,2025-11-01,130.8004
real_wage_retail,2025-12-01,158.5296
real_wage_retail,2026-01-01,137.9194
real_wage_retail,2026-02-01,133.6843
real_wage_retail,2026-03-01,135.769
real_wage_retail,2026-04-01,138.0959
ulc_manuf,2007-01-01,83.7722
ulc_manuf,2007-02-01,85.3385
ulc_manuf,2007-03-01,83.7518
ulc_manuf,2007-04-01,87.5744
ulc_manuf,2007-05-01,102.2959
ulc_manuf,2007-06-01,86.581
ulc_manuf,2007-07-01,85.6459
ulc_manuf,2007-08-01,85.4708
ulc_manuf,2007-09-01,84.5937
ulc_manuf,2007-10-01,84.6178
ulc_manuf,2007-11-01,89.3225
ulc_manuf,2007-12-01,120.1985
ulc_manuf,2008-01-01,85.6862
ulc_manuf,2008-02-01,85.3789
ulc_manuf,2008-03-01,89.1483
ulc_manuf,2008-04-01,86.9314
ulc_manuf,2008-05-01,104.8101
ulc_manuf,2008-06-01,89.3997
ulc_manuf,2008-07-01,88.0742
ulc_manuf,2008-08-01,84.9133
ulc_manuf,2008-09-01,84.4927
ulc_manuf,2008-10-01,84.2878
ulc_manuf,2008-11-01,88.4569
ulc_manuf,2008-12-01,117.0129
ulc_manuf,2009-01-01,89.4758
ulc_manuf,2009-02-01,89.8899
ulc_manuf,2009-03-01,89.2507
ulc_manuf,2009-04-01,92.4565
ulc_manuf,2009-05-01,108.8464
ulc_manuf,2009-06-01,92.0176
ulc_manuf,2009-07-01,87.852
ulc_manuf,2009-08-01,85.3451
ulc_manuf,2009-09-01,84.8226
ulc_manuf,2009-10-01,81.9253
ulc_manuf,2009-11-01,83.6875
ulc_manuf,2009-12-01,112.315
ulc_manuf,2010-01-01,84.9056
ulc_manuf,2010-02-01,83.4256
ulc_manuf,2010-03-01,82.1257
ulc_manuf,2010-04-01,85.5574
ulc_manuf,2010-05-01,98.021
ulc_manuf,2010-06-01,86.4554
ulc_manuf,2010-07-01,85.492
ulc_manuf,2010-08-01,83.9187
ulc_manuf,2010-09-01,84.3406
ulc_manuf,2010-10-01,82.5608
ulc_manuf,2010-11-01,84.7969
ulc_manuf,2010-12-01,112.4101
ulc_manuf,2011-01-01,84.9326
ulc_manuf,2011-02-01,84.5113
ulc_manuf,2011-03-01,83.6021
ulc_manuf,2011-04-01,87.3818
ulc_manuf,2011-05-01,101.6548
ulc_manuf,2011-06-01,88.341
ulc_manuf,2011-07-01,85.2228
ulc_manuf,2011-08-01,86.0464
ulc_manuf,2011-09-01,86.1373
ulc_manuf,2011-10-01,83.093
ulc_manuf,2011-11-01,85.0753
ulc_manuf,2011-12-01,111.8269
ulc_manuf,2012-01-01,83.3434
ulc_manuf,2012-02-01,82.9072
ulc_manuf,2012-03-01,81.8214
ulc_manuf,2012-04-01,86.3837
ulc_manuf,2012-05-01,102.331
ulc_manuf,2012-06-01,85.3886
ulc_manuf,2012-07-01,85.11
ulc_manuf,2012-08-01,85.7364
ulc_manuf,2012-09-01,84.2179
ulc_manuf,2012-10-01,82.1965
ulc_manuf,2012-11-01,86.66
ulc_manuf,2012-12-01,113.7469
ulc_manuf,2013-01-01,89.5344
ulc_manuf,2013-02-01,86.4915
ulc_manuf,2013-03-01,88.6246
ulc_manuf,2013-04-01,87.3607
ulc_manuf,2013-05-01,102.8381
ulc_manuf,2013-06-01,88.4786
ulc_manuf,2013-07-01,88.5103
ulc_manuf,2013-08-01,87.211
ulc_manuf,2013-09-01,87.5991
ulc_manuf,2013-10-01,85.3258
ulc_manuf,2013-11-01,88.4187
ulc_manuf,2013-12-01,118.1483
ulc_manuf,2014-01-01,88.3602
ulc_manuf,2014-02-01,87.7034
ulc_manuf,2014-03-01,82.6434
ulc_manuf,2014-04-01,88.3957
ulc_manuf,2014-05-01,102.1331
ulc_manuf,2014-06-01,87.4761
ulc_manuf,2014-07-01,87.9438
ulc_manuf,2014-08-01,87.4315
ulc_manuf,2014-09-01,87.1165
ulc_manuf,2014-10-01,84.9143
ulc_manuf,2014-11-01,87.9416
ulc_manuf,2014-12-01,114.3558
ulc_manuf,2015-01-01,87.5426
ulc_manuf,2015-02-01,86.5804
ulc_manuf,2015-03-01,85.2419
ulc_manuf,2015-04-01,89.8614
ulc_manuf,2015-05-01,105.7697
ulc_manuf,2015-06-01,88.2894
ulc_manuf,2015-07-01,89.7727
ulc_manuf,2015-08-01,86.6918
ulc_manuf,2015-09-01,86.3069
ulc_manuf,2015-10-01,85.6299
ulc_manuf,2015-11-01,89.9009
ulc_manuf,2015-12-01,116.5869
ulc_manuf,2016-01-01,88.9838
ulc_manuf,2016-02-01,88.5613
ulc_manuf,2016-03-01,91.8419
ulc_manuf,2016-04-01,91.2889
ulc_manuf,2016-05-01,114.7337
ulc_manuf,2016-06-01,94.2013
ulc_manuf,2016-07-01,93.3461
ulc_manuf,2016-08-01,90.5798
ulc_manuf,2016-09-01,96.0482
ulc_manuf,2016-10-01,91.5349
ulc_manuf,2016-11-01,92.7081
ulc_manuf,2016-12-01,122.1556
ulc_manuf,2017-01-01,90.1759
ulc_manuf,2017-02-01,91.0259
ulc_manuf,2017-03-01,89.08
ulc_manuf,2017-04-01,95.9764
ulc_manuf,2017-05-01,115.0163
ulc_manuf,2017-06-01,95.1974
ulc_manuf,2017-07-01,93.3797
ulc_manuf,2017-08-01,91.5995
ulc_manuf,2017-09-01,96.1844
ulc_manuf,2017-10-01,92.1792
ulc_manuf,2017-11-01,94.9079
ulc_manuf,2017-12-01,124.568
ulc_manuf,2018-01-01,92.8055
ulc_manuf,2018-02-01,95.931
ulc_manuf,2018-03-01,96.1268
ulc_manuf,2018-04-01,96.4352
ulc_manuf,2018-05-01,124.0269
ulc_manuf,2018-06-01,96.4467
ulc_manuf,2018-07-01,94.2667
ulc_manuf,2018-08-01,94.037
ulc_manuf,2018-09-01,94.503
ulc_manuf,2018-10-01,92.991
ulc_manuf,2018-11-01,95.6139
ulc_manuf,2018-12-01,129.0448
ulc_manuf,2019-01-01,97.2102
ulc_manuf,2019-02-01,97.129
ulc_manuf,2019-03-01,94.8135
ulc_manuf,2019-04-01,99.985
ulc_manuf,2019-05-01,126.5511
ulc_manuf,2019-06-01,98.2025
ulc_manuf,2019-07-01,95.8877
ulc_manuf,2019-08-01,98.1328
ulc_manuf,2019-09-01,98.4124
ulc_manuf,2019-10-01,98.2518
ulc_manuf,2019-11-01,100.0021
ulc_manuf,2019-12-01,135.8537
ulc_manuf,2020-01-01,98.2261
ulc_manuf,2020-02-01,99.4359
ulc_manuf,2020-03-01,98.6404
ulc_manuf,2020-04-01,142.6536
ulc_manuf,2020-05-01,168.1704
ulc_manuf,2020-06-01,106.5469
ulc_manuf,2020-07-01,103.4568
ulc_manuf,2020-08-01,100.348
ulc_manuf,2020-09-01,97.6074
ulc_manuf,2020-10-01,98.7096
ulc_manuf,2020-11-01,99.3011
ulc_manuf,2020-12-01,133.0694
ulc_manuf,2021-01-01,99.6139
ulc_manuf,2021-02-01,103.638
ulc_manuf,2021-03-01,96.1558
ulc_manuf,2021-04-01,101.5671
ulc_manuf,2021-05-01,126.9718
ulc_manuf,2021-06-01,98.9705
ulc_manuf,2021-07-01,102.7334
ulc_manuf,2021-08-01,99.951
ulc_manuf,2021-09-01,106.7246
ulc_manuf,2021-10-01,101.4756
ulc_manuf,2021-11-01,101.2064
ulc_manuf,2021-12-01,137.7611
ulc_manuf,2022-01-01,99.5718
ulc_manuf,2022-02-01,103.1166
ulc_manuf,2022-03-01,98.6437
ulc_manuf,2022-04-01,105.1101
ulc_manuf,2022-05-01,127.3183
ulc_manuf,2022-06-01,103.7107
ulc_manuf,2022-07-01,100.2612
ulc_manuf,2022-08-01,95.4546
ulc_manuf,2022-09-01,102.1815
ulc_manuf,2022-10-01,96.8004
ulc_manuf,2022-11-01,97.9555
ulc_manuf,2022-12-01,134.6061
ulc_manuf,2023-01-01,98.9166
ulc_manuf,2023-02-01,101.6546
ulc_manuf,2023-03-01,100.1676
ulc_manuf,2023-04-01,105.409
ulc_manuf,2023-05-01,131.4066
ulc_manuf,2023-06-01,106.5673
ulc_manuf,2023-07-01,101.8759
ulc_manuf,2023-08-01,101.5157
ulc_manuf,2023-09-01,102.73
ulc_manuf,2023-10-01,99.4439
ulc_manuf,2023-11-01,102.8375
ulc_manuf,2023-12-01,141.6129
ulc_manuf,2024-01-01,102.127
ulc_manuf,2024-02-01,106.3723
ulc_manuf,2024-03-01,106.3711
ulc_manuf,2024-04-01,104.6568
ulc_manuf,2024-05-01,139.2314
ulc_manuf,2024-06-01,106.5667
ulc_manuf,2024-07-01,102.4939
ulc_manuf,2024-08-01,104.8607
ulc_manuf,2024-09-01,103.0096
ulc_manuf,2024-10-01,103.67
ulc_manuf,2024-11-01,104.4032
ulc_manuf,2024-12-01,145.7231
ulc_manuf,2025-01-01,109.1403
ulc_manuf,2025-02-01,107.3622
ulc_manuf,2025-03-01,104.3612
ulc_manuf,2025-04-01,112.7766
ulc_manuf,2025-05-01,139.3191
ulc_manuf,2025-06-01,107.9651
ulc_manuf,2025-07-01,109.2651
ulc_manuf,2025-08-01,108.3704
ulc_manuf,2025-09-01,104.9237
ulc_manuf,2025-10-01,107.7868
ulc_manuf,2025-11-01,105.7735
ulc_manuf,2025-12-01,148.1358
ulc_manuf,2026-01-01,111.8783
ulc_manuf,2026-02-01,109.8369
ulc_manuf,2026-03-01,105.1641
ulc_manuf,2026-04-01,113.772
ulc_retail,2008-01-01,89.4747
ulc_retail,2008-02-01,92.0006
ulc_retail,2008-03-01,93.702
ulc_retail,2008-04-01,87.5315
ulc_retail,2008-05-01,101.1971
ulc_retail,2008-06-01,87.0235
ulc_retail,2008-07-01,84.5125
ulc_retail,2008-08-01,87.0347
ulc_retail,2008-09-01,88.0226
ulc_retail,2008-10-01,85.1986
ulc_retail,2008-11-01,86.4695
ulc_retail,2008-12-01,97.9275
ulc_retail,2009-01-01,92.9298
ulc_retail,2009-02-01,94.9779
ulc_retail,2009-03-01,90.8934
ulc_retail,2009-04-01,96.7604
ulc_retail,2009-05-01,105.8527
ulc_retail,2009-06-01,90.7441
ulc_retail,2009-07-01,91.726
ulc_retail,2009-08-01,90.7504
ulc_retail,2009-09-01,93.3508
ulc_retail,2009-10-01,90.1738
ulc_retail,2009-11-01,90.2083
ulc_retail,2009-12-01,102.2441
ulc_retail,2010-01-01,94.4333
ulc_retail,2010-02-01,96.3845
ulc_retail,2010-03-01,92.4794
ulc_retail,2010-04-01,94.0273
ulc_retail,2010-05-01,102.7639
ulc_retail,2010-06-01,90.9484
ulc_retail,2010-07-01,91.5681
ulc_retail,2010-08-01,90.4625
ulc_retail,2010-09-01,93.3747
ulc_retail,2010-10-01,89.2176
ulc_retail,2010-11-01,89.2771
ulc_retail,2010-12-01,102.2591
ulc_retail,2011-01-01,93.3201
ulc_retail,2011-02-01,97.3589
ulc_retail,2011-03-01,94.3849
ulc_retail,2011-04-01,97.799
ulc_retail,2011-05-01,106.0376
ulc_retail,2011-06-01,95.0681
ulc_retail,2011-07-01,96.4762
ulc_retail,2011-08-01,90.3921
ulc_retail,2011-09-01,94.3341
ulc_retail,2011-10-01,89.7521
ulc_retail,2011-11-01,88.5725
ulc_retail,2011-12-01,99.5213
ulc_retail,2012-01-01,91.2186
ulc_retail,2012-02-01,94.2258
ulc_retail,2012-03-01,94.2005
ulc_retail,2012-04-01,96.9623
ulc_retail,2012-05-01,102.9667
ulc_retail,2012-06-01,91.0747
ulc_retail,2012-07-01,91.8759
ulc_retail,2012-08-01,89.7482
ulc_retail,2012-09-01,92.661
ulc_retail,2012-10-01,88.2828
ulc_retail,2012-11-01,90.137
ulc_retail,2012-12-01,107.7667
ulc_retail,2013-01-01,96.6269
ulc_retail,2013-02-01,98.4913
ulc_retail,2013-03-01,96.0583
ulc_retail,2013-04-01,94.6153
ulc_retail,2013-05-01,101.6703
ulc_retail,2013-06-01,94.4529
ulc_retail,2013-07-01,91.6812
ulc_retail,2013-08-01,93.4534
ulc_retail,2013-09-01,97.0022
ulc_retail,2013-10-01,90.2976
ulc_retail,2013-11-01,90.2681
ulc_retail,2013-12-01,102.2065
ulc_retail,2014-01-01,94.6322
ulc_retail,2014-02-01,97.5111
ulc_retail,2014-03-01,94.8476
ulc_retail,2014-04-01,94.8896
ulc_retail,2014-05-01,101.7146
ulc_retail,2014-06-01,93.3716
ulc_retail,2014-07-01,91.1623
ulc_retail,2014-08-01,91.4911
ulc_retail,2014-09-01,93.8651
ulc_retail,2014-10-01,89.902
ulc_retail,2014-11-01,88.1004
ulc_retail,2014-12-01,99.1798
ulc_retail,2015-01-01,94.514
ulc_retail,2015-02-01,98.6056
ulc_retail,2015-03-01,93.7491
ulc_retail,2015-04-01,96.6664
ulc_retail,2015-05-01,104.1275
ulc_retail,2015-06-01,92.7256
ulc_retail,2015-07-01,92.3965
ulc_retail,2015-08-01,92.1986
ulc_retail,2015-09-01,95.3685
ulc_retail,2015-10-01,91.9383
ulc_retail,2015-11-01,91.0981
ulc_retail,2015-12-01,101.58
ulc_retail,2016-01-01,97.021
ulc_retail,2016-02-01,99.5763
ulc_retail,2016-03-01,100.558
ulc_retail,2016-04-01,96.5965
ulc_retail,2016-05-01,105.7779
ulc_retail,2016-06-01,95.4841
ulc_retail,2016-07-01,97.7174
ulc_retail,2016-08-01,93.9343
ulc_retail,2016-09-01,97.8619
ulc_retail,2016-10-01,92.9288
ulc_retail,2016-11-01,90.3631
ulc_retail,2016-12-01,103.708
ulc_retail,2017-01-01,95.8178
ulc_retail,2017-02-01,100.6965
ulc_retail,2017-03-01,99.2904
ulc_retail,2017-04-01,100.9443
ulc_retail,2017-05-01,105.0444
ulc_retail,2017-06-01,97.2947
ulc_retail,2017-07-01,96.6033
ulc_retail,2017-08-01,94.7592
ulc_retail,2017-09-01,99.3407
ulc_retail,2017-10-01,93.8953
ulc_retail,2017-11-01,92.7676
ulc_retail,2017-12-01,105.5707
ulc_retail,2018-01-01,96.6037
ulc_retail,2018-02-01,103.7305
ulc_retail,2018-03-01,103.3876
ulc_retail,2018-04-01,101.1737
ulc_retail,2018-05-01,105.756
ulc_retail,2018-06-01,97.2859
ulc_retail,2018-07-01,96.9692
ulc_retail,2018-08-01,97.8334
ulc_retail,2018-09-01,99.489
ulc_retail,2018-10-01,93.5008
ulc_retail,2018-11-01,94.2032
ulc_retail,2018-12-01,110.0669
ulc_retail,2019-01-01,103.0423
ulc_retail,2019-02-01,109.752
ulc_retail,2019-03-01,105.2948
ulc_retail,2019-04-01,105.7125
ulc_retail,2019-05-01,110.8141
ulc_retail,2019-06-01,102.6261
ulc_retail,2019-07-01,100.9631
ulc_retail,2019-08-01,104.2539
ulc_retail,2019-09-01,106.9175
ulc_retail,2019-10-01,103.0456
ulc_retail,2019-11-01,100.9545
ulc_retail,2019-12-01,113.2095
ulc_retail,2020-01-01,106.0661
ulc_retail,2020-02-01,111.5851
ulc_retail,2020-03-01,112.7057
ulc_retail,2020-04-01,141.5388
ulc_retail,2020-05-01,143.8808
ulc_retail,2020-06-01,119.4844
ulc_retail,2020-07-01,112.5653
ulc_retail,2020-08-01,111.9715
ulc_retail,2020-09-01,109.6201
ulc_retail,2020-10-01,109.2441
ulc_retail,2020-11-01,105.0827
ulc_retail,2020-12-01,117.286
ulc_retail,2021-01-01,108.0497
ulc_retail,2021-02-01,109.9446
ulc_retail,2021-03-01,101.2183
ulc_retail,2021-04-01,105.343
ulc_retail,2021-05-01,112.4452
ulc_retail,2021-06-01,98.9698
ulc_retail,2021-07-01,103.8653
ulc_retail,2021-08-01,102.9902
ulc_retail,2021-09-01,105.4195
ulc_retail,2021-10-01,103.532
ulc_retail,2021-11-01,98.597
ulc_retail,2021-12-01,112.776
ulc_retail,2022-01-01,108.4381
ulc_retail,2022-02-01,110.8667
ulc_retail,2022-03-01,99.2878
ulc_retail,2022-04-01,106.6883
ulc_retail,2022-05-01,115.5667
ulc_retail,2022-06-01,100.8585
ulc_retail,2022-07-01,102.9592
ulc_retail,2022-08-01,100.2194
ulc_retail,2022-09-01,104.3084
ulc_retail,2022-10-01,101.9055
ulc_retail,2022-11-01,97.7543
ulc_retail,2022-12-01,111.1623
ulc_retail,2023-01-01,107.5313
ulc_retail,2023-02-01,115.1734
ulc_retail,2023-03-01,109.4162
ulc_retail,2023-04-01,113.5689
ulc_retail,2023-05-01,124.7675
ulc_retail,2023-06-01,108.9879
ulc_retail,2023-07-01,109.8741
ulc_retail,2023-08-01,109.0402
ulc_retail,2023-09-01,111.5939
ulc_retail,2023-10-01,109.923
ulc_retail,2023-11-01,105.1667
ulc_retail,2023-12-01,121.5655
ulc_retail,2024-01-01,117.3229
ulc_retail,2024-02-01,122.61
ulc_retail,2024-03-01,122.8722
ulc_retail,2024-04-01,119.6308
ulc_retail,2024-05-01,137.9858
ulc_retail,2024-06-01,123.3718
ulc_retail,2024-07-01,117.8106
ulc_retail,2024-08-01,123.0904
ulc_retail,2024-09-01,124.7218
ulc_retail,2024-10-01,122.9201
ulc_retail,2024-11-01,116.9721
ulc_retail,2024-12-01,130.7726
ulc_retail,2025-01-01,130.1859
ulc_retail,2025-02-01,136.2557
ulc_retail,2025-03-01,127.1887
ulc_retail,2025-04-01,133.1452
ulc_retail,2025-05-01,148.4313
ulc_retail,2025-06-01,133.1205
ulc_retail,2025-07-01,125.5715
ulc_retail,2025-08-01,129.3676
ulc_retail,2025-09-01,126.4354
ulc_retail,2025-10-01,128.2607
ulc_retail,2025-11-01,117.8293
ulc_retail,2025-12-01,132.3666
ulc_retail,2026-01-01,134.7203
ulc_retail,2026-02-01,141.7558
ulc_retail,2026-03-01,127.5868
ulc_retail,2026-04-01,133.6227
